,seed,actions
0,3858330000,"[0, 1, 0, 2, 0, 2, 0, 3, 1, 1, 3, 0, 1, 0, 2, 2, 0, 2, 2, 1, 3, 2, 0, 3, 3, 3, 1, 2, 2]"
1,3858330001,"[1, 2, 0, 3, 1, 1, 1, 2, 2, 0, 2, 2, 1, 1, 2, 0, 0, 3, 1, 3, 3, 0, 3, 3, 0, 2, 0, 2, 1, 3, 1, 2, 1, 2, 2, 0, 3, 3, 3, 2, 2, 2, 2, 1, 3, 3, 3, 3, 3, 0, 0]"
2,3858330002,"[3, 0, 1, 1, 3, 3, 0, 2, 0, 0, 3, 1, 3, 2, 0, 2, 1, 1, 3, 0, 1, 2, 0, 0, 3, 0, 3, 0, 3, 1, 1, 1, 1, 1, 2, 2, 2, 2, 2, 0, 3, 0, 1, 1, 3, 3, 0, 3, 2, 2, 0, 3, 1, 3, 1, 3, 0, 2, 1, 2, 2, 2, 2, 0, 3, 0, 1, 1, 3, 3, 3, 0, 3, 0, 2, 2, 1, 2, 0, 3, 1, 3, 1, 3, 0, 0, 2, 0, 2, 0, 3, 3, 1, 0, 1, 2, 2, 2, 1, 3, 1, 3, 3, 0, 2, 2, 1, 3, 1, 2, 2, 2, 2, 0, 3, 0, 1, 1, 3, 3, 3, 0, 3, 0, 2, 2, 0, 0, 3, 3, 1, 0, 1, 2, 2, 2, 1, 3, 1, 2, 0, 3, 1, 3, 0, 0, 3, 1, 0, 1, 2, 2, 1, 3, 1, 2, 2, 2, 2, 0, 3, 0, 1, 1, 3, 3, 3, 3, 0, 2, 1, 2, 2, 0, 2, 1, 3, 0, 3, 3, 3, 0, 2, 2, 1, 3, 1, 2, 2, 2, 2, 0, 3, 0, 3, 0, 3, 0, 3, 3, 1, 0, 1, 2, 2, 1, 3, 2, 0, 2, 1, 2, 1, 1, 3, 3, 3, 0, 3, 0, 2, 2, 0, 2, 1, 1, 3, 0, 1, 2, 2, 0, 3, 0, 3, 0, 3, 3, 1, 0, 1, 2, 2, 2, 1, 3, 1, 2, 2, 1, 3, 3, 3, 0, 3, 0, 2, 3, 0, 1, 0, 2, 2, 1, 3, 2, 0, 2, 1, 2, 1, 1, 3, 3, 3, 0, 3, 0, 0, 2, 0, 2, 0, 3, 3, 1, 2, 2, 1, 2, 1, 3, 3, 3, 1, 2, 1, 2, 0, 3, 1, 3, 0, 0, 2, 0, 2, 1, 3, 2, 0, 0, 3, 3, 1, 0, 1, 2, 2, 2, 1, 1, 3, 0, 1, 2, 2, 1, 3, 3, 3, 3, 0, 0, 2, 2, 1, 2, 2, 1, 3, 3, 3, 0, 1, 0, 2, 0, 0, 0, 3, 3, 1, 2, 1, 2, 1, 2, 2, 0, 3, 0, 3, 0, 3, 0, 3, 1, 1, 1, 0, 1, 2, 2, 1, 2, 2, 1, 3, 3, 3, 0, 1, 3, 0, 2, 0, 2, 1, 3, 3, 0, 2, 2, 1, 3, 1, 2, 2, 2, 2, 0, 3, 0, 3, 0, 3, 0, 3, 1, 2, 2, 1, 3, 1, 3, 1, 3, 0, 0, 0, 1, 2, 3, 0, 2, 2, 0, 3, 0, 3, 1, 2, 2, 1, 2, 1, 3, 1, 3, 1, 2, 2, 2, 2, 0, 3, 0, 3, 3, 0, 3, 1, 3, 0, 1, 0, 2, 2, 2, 1, 3, 1, 2, 2, 1, 3, 3, 3, 0, 1, 0, 3, 0, 0, 2, 2, 0, 3, 0, 3, 1, 2, 2, 1, 2, 1, 3, 1, 3, 0, 2, 1, 3, 1, 2, 2, 2, 2, 0, 3, 0, 3, 0, 3, 0, 3, 3, 1, 2, 3, 0, 2, 1, 1, 2, 1, 3, 3, 0, 2, 0, 2, 1, 1, 3, 1, 3, 0, 0, 2, 0, 2, 0, 3, 3, 1]"
3,3858330003,"[2, 1, 2, 3, 0, 3, 1, 2, 1, 2, 0, 3, 3, 1, 2, 1, 1, 3, 0, 2, 1, 3, 1, 2, 0, 1, 3, 0, 0, 2, 0, 2, 0, 3, 3, 1, 0, 1, 2, 1, 1, 2, 2, 1, 3, 2, 0, 3, 3, 3, 1, 2, 0, 3, 0, 2, 1, 2, 2, 1, 3, 2, 0, 3, 3, 3, 0, 0, 1, 0, 2, 1, 1, 3, 1, 2, 0, 1, 3, 0, 0, 0, 2, 2, 0, 3, 0, 3, 1, 2, 2, 1, 3, 1, 1, 1, 2, 3, 0, 3, 0, 2, 0, 2, 0, 3, 3, 1, 0, 1, 2, 1, 1, 1, 2, 2, 0, 1, 3, 3, 0, 3, 0, 2, 1, 1, 2, 2, 2, 3, 0, 3, 3, 1, 3, 0, 0, 2, 0, 2, 0, 3, 3, 1, 1, 1]"
4,3858330004,"[2, 2, 3, 2, 0, 2, 0]"
5,3858330005,"[3, 2, 1, 1, 3, 0, 2, 1, 1, 1, 1, 3, 0, 0]"
6,3858330006,"[2, 3, 1, 2]"
7,3858330007,"[2, 1, 1, 3, 3, 0, 2, 0, 1, 3, 1, 2, 2, 2, 2, 0, 0, 2, 1, 1, 1, 1, 3, 0, 2, 0, 0, 0, 3, 3, 3, 1, 3, 2, 0, 2, 1, 2, 0, 2, 1, 1, 1, 3, 0, 2, 1, 3, 0, 3, 0, 3, 3, 1, 2, 0, 1, 3, 3, 0, 2, 0, 2, 2, 2, 1, 0, 2, 1, 1, 1, 3, 0, 3, 2, 2, 0, 0, 3, 1, 0, 2, 1, 3, 3, 3, 3, 1, 2, 0, 1, 3, 3, 0, 2, 0, 2, 2, 1, 2, 1, 3, 2, 0, 0, 2, 1, 1, 1, 1, 3, 0, 2, 0, 0, 0, 3, 3, 1, 1, 3, 2, 3, 0, 3, 0, 2, 2, 1, 2, 0, 2, 1, 1, 1, 3, 0, 2, 1, 3, 0, 3, 3, 0, 3, 3, 1, 2, 3, 0, 2, 2, 0, 2, 1, 1, 2, 2, 0, 3, 0, 3, 3, 3, 1, 1, 2, 0, 1, 3, 3, 0, 2, 0, 2, 2, 2, 1, 3, 0, 1, 2, 1, 3, 2, 0, 0, 3, 3, 3, 1, 2, 3, 2, 0, 2, 2, 2, 1, 1, 1, 3, 0, 3, 3, 2, 3, 0, 3, 0, 2, 2, 2, 1, 3, 0, 3, 3, 1, 3, 1, 2, 2, 3, 3, 0, 2, 0, 2, 2, 1, 3, 1, 2, 3, 3, 3, 0, 2, 0, 1, 3, 1, 2, 2, 2, 0, 0, 2, 2, 1, 1, 1, 3, 0, 2, 1, 3, 0, 3, 3, 3, 3, 0, 2, 0, 2, 1, 3, 2, 0, 2, 1, 1, 3, 2, 3, 0, 3, 0, 2, 2, 2, 1, 0, 2, 1, 3, 3, 3, 3, 3, 1, 2, 3, 0, 2, 2, 0, 2, 1, 2, 1, 0, 0, 2, 1, 1, 3, 3, 0, 3, 3, 1, 2, 0, 1, 3, 3, 0, 2, 0, 2, 2, 1, 2, 1, 1]"
8,3858330008,"[1, 3, 0]"
9,3858330009,"[1, 1, 2, 1, 1, 3, 1, 2, 0, 0, 0, 3, 1, 2, 1, 1, 3, 3, 0, 1, 2, 0, 0]"
10,3858330010,"[3, 0, 1, 2, 2, 0, 3, 1, 3, 3, 0, 2, 0, 3, 1, 2, 1, 2, 2, 0, 3, 1, 3, 3, 0, 3, 0, 2, 2, 0, 3, 2, 1, 3, 1, 2, 0, 3, 1, 3, 0, 0, 3, 0, 2, 2, 0, 2, 2, 1, 3, 0, 1, 1, 3, 1, 1, 2, 1, 2, 2, 0, 3, 1, 3, 3, 0, 3, 0, 2, 0, 2, 0, 0, 3, 1, 3, 2, 0, 3, 3, 1, 1, 2, 1, 2, 1, 2, 0, 3, 1, 3, 0, 0, 2, 1, 2, 0, 3, 2, 1, 3, 1, 2, 1, 2, 2, 0, 3, 1, 3, 3, 0, 3, 0, 2, 0, 0, 3, 0, 2, 2, 2, 1, 3, 0, 1, 1, 3, 1, 1, 2, 0, 3, 1, 3, 0, 0, 3, 0, 2, 0, 2, 1, 3, 2, 0, 3, 3, 1, 1, 2, 1, 2, 1, 2, 1, 2, 2, 0, 3, 1, 3, 3, 0, 3, 0, 0, 2, 1, 1, 1, 2, 2, 0, 3, 0, 0, 3, 2, 1, 1, 2, 1, 3, 3, 0, 3, 0, 0, 3, 0, 2, 2, 0, 2, 2, 1, 3, 0, 1, 1, 3, 1, 3, 2, 0, 2, 0, 0, 3, 1, 3, 2, 0, 3, 3, 1, 1, 2, 1, 2, 2, 1, 2, 1, 3, 3, 0, 3, 0, 0, 2, 1, 3, 2, 0, 0, 2, 1, 3, 2, 0, 3, 3, 0, 3, 1, 1, 2, 1, 1, 2, 3, 0, 2, 1, 1, 2, 2, 0, 3, 0, 3, 2, 1, 2, 1, 3, 3, 0, 3, 2, 2, 0, 0, 3, 1, 3, 2, 0, 0, 3, 0, 2, 2, 2, 1, 3, 0, 1, 1, 3, 1, 2, 1, 2, 1, 3, 3, 0, 3, 0, 0, 3, 0, 2, 0, 2, 1, 3, 2, 0, 3, 3, 1, 1, 2, 1, 1, 2, 2, 0, 3, 1, 0, 2, 0, 0, 3, 3, 1, 2, 1, 1, 3, 0, 2, 2, 0, 3, 3, 2, 2, 1, 3, 1, 3, 0, 0, 0, 2, 0, 2, 2, 1, 3]"
11,3858330011,"[1, 1, 2, 2, 0, 2, 1, 2, 0, 2, 1, 3, 0, 3, 3, 3, 2, 2, 0, 3, 0, 2, 2, 1, 0, 3, 1, 3, 1, 2, 1, 3, 3, 3, 0, 1, 0, 2, 2, 2, 1, 2, 0, 2, 1, 3, 0, 3, 3, 0, 0, 2, 2, 1, 0, 3, 1, 3, 1, 2, 1, 2, 2, 0, 3, 3, 0, 3, 0, 2, 2, 1, 1, 2, 1, 3, 3, 3, 3, 0, 2, 1, 2, 0, 3, 2, 2, 0, 3]"
12,3858330012,"[2, 3, 0, 2, 0, 2, 0, 0, 0, 3, 1, 3, 1, 1, 3, 3, 0, 2, 1, 2, 2, 1, 1, 3, 3, 0, 3, 2, 2, 0, 0, 3, 1, 3, 2, 0, 2, 1, 2, 1, 1, 3, 3, 0, 0, 1, 3, 0, 0, 2]"
13,3858330013,"[0, 1, 3, 2, 0, 0, 2, 1, 3, 1, 3, 3, 0, 1, 2, 2, 0, 2, 0, 3, 3, 3, 0, 3, 0, 2, 2, 2, 1, 0, 3, 1, 3, 1, 2, 1, 3, 1, 1, 3, 0, 1, 0, 3, 0, 0, 0, 2, 2, 1, 2, 1, 2, 0, 2, 1, 3, 1, 3, 0, 3, 1, 3, 3, 0, 2, 3, 0, 0, 2, 2, 1, 2, 0, 0, 2, 1, 0, 3, 1, 3, 1, 1, 3, 2, 0, 2, 0, 2, 1, 0, 0, 3, 1, 3, 1, 2, 1, 1, 3, 0, 1, 2, 2, 0, 1, 3, 0, 3, 3, 3, 1, 2, 1, 0, 3, 0, 0, 0, 2, 2, 1, 2, 1, 2, 2, 0, 3, 0, 0, 3, 1, 3, 1, 1, 2, 1, 3, 0, 1, 2, 2, 0, 0, 3, 0, 3, 3, 0, 3, 1, 1, 1, 2, 2, 1, 1, 3, 0, 1, 0, 3, 0, 0, 2, 2, 1, 1, 3, 3, 0, 2, 3, 0, 0, 2, 2, 1, 3, 1, 1, 1, 2, 0, 2, 2, 0, 0, 3, 1, 3, 1, 3, 3, 0, 0, 0, 2, 2, 1, 3, 1, 3, 0, 0, 2, 2, 1, 2, 1, 3, 1, 0, 0, 2, 0, 3, 3, 0, 3, 1, 1, 1, 1, 2, 1, 0, 3, 0, 2, 3, 0, 0, 2, 2, 1, 2, 0, 0, 2, 1, 1, 2, 1, 3, 1, 3, 3, 0, 1, 0, 3, 3, 1, 2, 1, 0, 3, 0, 0, 2, 2, 1, 3, 3, 1, 2, 1, 2, 0, 3, 1, 2, 0, 2, 0, 0, 3, 1, 3, 2, 0, 2, 2, 0, 3, 0, 1, 2, 1, 2, 1, 3, 1, 3, 3, 0, 1, 2, 2, 0, 2, 0, 3, 0, 0, 3, 3, 1, 3, 1, 2, 1, 1, 1, 3, 0, 1, 0, 3, 0, 0, 0, 2, 2, 1, 1, 1, 2, 2, 0, 0, 3, 0, 3, 3, 0, 3, 1, 1, 1, 2, 0, 2, 1, 3, 2, 0, 0, 3, 0, 2, 2, 1, 2, 1, 3, 0, 3, 3, 0, 3, 1, 1, 1, 2, 2, 2, 1, 3, 0, 1, 2, 2, 0, 2, 0, 3, 0, 0, 3, 1, 3, 1, 2, 3, 0, 3, 0, 2, 2, 1, 2, 1, 2, 1, 3, 1, 3, 3, 1, 3, 0, 1, 0, 3, 0, 0, 0, 2, 2, 1, 1, 0, 2, 0, 3, 3, 0, 3, 1, 1, 1, 1, 2, 0, 2, 3, 3, 0, 0, 2, 2, 1, 2, 0, 0, 2, 1, 1, 2, 1, 3, 1, 3, 3, 0, 1, 2, 2, 0, 2, 0, 3, 0, 0, 3, 1, 3, 3, 0, 3, 1, 1, 2, 3, 1, 2, 2, 0, 2, 3, 1, 1, 1, 3, 0, 1, 0, 3, 0, 0, 0, 2, 0, 2, 1, 3, 1, 1, 2, 1, 2, 2, 0, 2, 0, 3, 3, 3, 2, 3, 1, 1, 1, 3, 0, 1, 0, 3, 0, 0, 2, 3, 1, 1, 2, 0]"
14,3858330014,"[2, 0, 1, 0, 3, 1, 1, 1, 2, 0]"
15,3858330015,"[2, 3, 1, 1, 2, 0, 3, 1, 2, 0, 2, 2, 0, 0, 3, 1, 0, 3, 3, 1, 2, 1, 2, 1, 1, 3, 0, 3, 0, 0, 0, 2, 2, 1, 0, 2, 1, 3, 3, 3, 1, 1, 2, 2, 0, 1, 1, 3, 0, 3, 0, 0, 0, 2, 2, 2, 1, 3, 0, 3, 1, 3, 1, 2, 3, 1, 2, 0, 0, 2, 1, 1]"
16,3858330016,"[0, 0, 2, 0, 3, 1, 1, 1, 2, 3, 0, 0, 2, 0, 2, 1, 3, 2, 2, 2, 1, 1, 3, 3, 1, 0, 2, 0, 0, 3, 3, 1, 2, 1, 1, 2, 2, 0, 0, 0, 3, 3, 1, 3, 3, 1, 2, 3, 0, 0, 2, 2, 2, 2, 1, 3, 0, 3, 3, 0, 3, 1, 1, 1, 2, 2, 1, 0, 3, 0, 2, 1, 1, 2, 2, 0, 3, 0, 3, 1, 3, 2, 0, 2, 2, 0, 3, 2, 1, 1, 1, 1, 3, 3, 0, 2, 2, 0, 0, 0, 3, 3, 1, 1, 3, 2, 0, 2, 0, 3, 0, 3, 3, 1, 2, 0, 2, 1, 3, 2, 0, 3, 3, 1, 1, 1, 2, 2, 2, 0, 0, 2, 1, 1, 1, 1, 3, 3, 0, 2, 2, 0, 0, 0, 3, 3, 3, 1, 2, 1, 3, 2, 0, 0, 2, 2, 1, 3, 0, 3, 3, 1, 2, 1, 3, 3, 0, 0, 2, 2, 2, 2, 1, 1, 1, 1, 3, 3, 0, 2, 2, 0, 0, 0, 3, 3, 1, 2, 3, 1, 3, 2, 0, 2, 1, 2, 0]"
17,3858330017,"[0, 2, 0, 1, 1, 3, 3, 3, 3, 0, 1, 2, 2, 2, 2, 2, 0]"
18,3858330018,"[3, 1, 0, 3, 2, 1, 2, 1, 3, 2, 3, 0, 0, 3, 1, 3, 0, 1, 1, 2, 0, 2, 0, 2, 1, 1, 3, 3]"
19,3858330019,"[0, 2, 2, 0, 3, 2, 1, 2, 1, 3, 3, 3, 3, 3, 0, 2, 3, 1, 2, 2, 2, 2, 2, 0, 3, 0, 3, 3, 0, 1, 2, 2, 1, 2, 1, 3, 3, 3, 3, 0, 2, 1, 0, 3, 3, 0, 2, 0, 1, 3, 1, 1, 2, 2, 2, 2, 0, 3, 0, 2, 1, 2, 1, 3, 3, 3, 3, 3, 0, 0, 2, 2, 3, 1, 2, 1, 2, 2, 2, 0, 3, 0, 3, 2, 1, 2, 1, 3, 3, 0, 3, 2, 2, 2, 1, 3, 3, 3, 3, 3, 0, 0, 2, 0, 2, 1, 3, 3, 1, 1, 2, 2, 2, 2, 2, 0, 3, 0, 3, 2, 1, 2, 1, 3, 3, 3, 3, 0, 2, 1, 0, 3, 3, 0, 2, 0, 2, 1, 3, 2, 2, 2, 1, 2, 1, 3, 3, 3, 0, 2, 3, 2, 1, 3, 3, 3, 0, 0, 2, 0, 2, 1, 3, 2, 2, 1, 2, 0, 1, 1, 3, 3, 3, 0, 2, 1, 0, 0, 2, 2, 1, 3, 0, 3, 3, 3, 1, 1, 2, 2, 0]"
20,3858330020,"[2, 1, 3, 1, 1, 2, 0, 1, 2, 3, 0, 3, 0, 0, 2, 1, 3, 1, 1, 2, 2, 2, 3, 3, 3, 0, 0, 2, 1, 3, 1, 2]"
21,3858330021,"[3, 2, 1, 3, 0, 3, 2, 1, 3, 3, 3, 0, 2, 3, 3, 1, 2, 2, 0, 2, 1, 3, 0, 3, 3, 1, 1, 0, 1, 2, 0, 2, 0, 2, 1, 2, 2, 0, 3, 3, 3]"
22,3858330022,"[2, 0, 3, 0, 3, 0, 3, 0, 3, 1, 1, 1, 1, 1, 2, 0, 1, 0, 3, 0, 0, 0, 2, 2, 1, 1, 0, 2, 0, 3, 3, 0, 3, 1, 1, 1, 2, 3, 0, 0, 2, 2, 1, 2, 0, 2, 1, 1, 1, 3, 3, 2, 2, 0, 0, 0, 3, 3, 1, 1, 3, 2, 0, 2, 0, 3, 3, 0, 3, 1, 1, 1, 1, 1, 2, 0, 1, 0, 3, 0, 0, 0, 2, 2, 1, 2, 0, 2, 1, 1, 1, 3, 3, 0, 1, 2, 2, 0, 0, 0, 3, 3, 1, 3, 3, 1, 2, 3, 1, 2, 1, 0, 3, 0, 0, 0, 2, 2, 1, 2, 1, 3, 0, 2, 0, 3, 3, 0, 3, 1, 1, 1, 1, 2, 2, 3, 1, 3, 0, 0, 2, 3, 0, 0, 2, 2, 1, 2, 0, 2, 1, 1, 1, 3, 2, 3, 0, 0, 3, 0, 3, 0, 3, 1, 1, 1, 2, 2, 3, 2, 0, 2, 0, 2, 1, 1, 1, 3, 3, 2, 0, 3, 1, 2, 2, 0, 0, 0, 3, 3, 1, 3, 3, 1, 1, 1, 2, 0, 1, 0, 3, 0, 0, 0, 2, 2, 1, 1, 1, 2, 2, 0, 0, 3, 0, 3, 3, 0, 3, 1, 1, 1, 2, 0, 2, 1, 3, 2, 0, 0, 2, 2, 1, 3, 0, 3, 3, 0, 3, 1, 1, 1, 2, 2, 2, 1, 3, 0, 1, 2, 2, 0, 0, 0, 3, 3, 3, 1, 2, 1, 1, 2, 2, 0, 0, 0, 3, 3, 1, 3, 3, 1, 1, 2, 1, 0, 3, 0, 0, 0, 2, 2, 1, 1, 2, 0, 3, 2, 2, 1, 1, 3, 3, 0, 1, 2, 2, 0, 0, 0, 3, 0, 1, 2, 1, 1, 1, 3, 0, 3, 3, 3, 1, 1, 2, 0, 1, 0, 3, 0, 0, 0, 2, 1, 2, 2, 0, 3, 1, 2, 0, 2, 1, 1, 1, 3, 0, 3, 1, 3, 1, 3, 0, 0, 2, 3, 0, 0, 2, 0, 3, 1, 1, 1, 2, 1, 2, 2, 2, 0, 0, 0, 3, 1, 3, 1, 3, 2, 0, 2, 0, 3, 1, 2, 0, 2, 1, 1, 1, 3, 3, 0, 1, 2, 2, 0, 0, 0, 3, 3, 1, 3, 3, 0, 2, 0, 3, 1, 1, 1, 1, 2, 1, 0, 3, 0, 0, 0, 2, 2, 1, 2, 2, 1, 1, 3, 0, 3, 3, 1, 2, 3, 1, 3, 0, 0, 0, 0, 2, 2, 1, 2, 2, 0, 3, 0, 1, 2, 1, 1, 1, 3, 3, 0, 1, 2, 2, 0, 0, 0, 3, 3, 1, 2, 0, 2, 1, 1, 1, 3, 0, 3, 3, 3, 1, 1, 2, 0, 1, 0, 3, 0, 0, 0, 2, 0, 3, 1, 1, 1, 2, 3, 0, 0, 2, 1, 2, 2, 0, 3, 1, 1, 3, 2, 0, 3, 3, 0, 2, 0, 3, 1, 1, 1, 2, 1, 2, 3, 1, 3, 0, 0, 0, 0, 2, 1, 2, 2, 0, 3, 1, 2, 0, 2, 1, 1, 1, 3, 2, 3, 0, 3, 3, 3, 0, 0, 0, 2, 1, 2, 1, 2, 0, 2, 1, 1, 1, 3, 3, 0, 1, 2, 2, 0, 0, 0, 3, 3, 3, 0, 3, 1, 1, 2, 3, 1, 1, 1, 2, 0, 1, 0, 3, 0, 0, 2, 2, 1, 1, 3, 1, 3, 0, 0, 2, 3, 0, 0, 2, 2, 1, 3, 1, 1, 2, 2, 2, 0, 0, 3, 1, 3, 1, 3, 1, 3, 0, 0, 0, 0, 2, 2, 1, 3, 1, 3, 0, 0, 2, 2, 1, 2, 1, 3, 1, 0, 0, 2, 0, 3, 3, 0, 3, 1, 1, 1, 1, 2, 0, 1, 2, 3, 1, 3, 0, 0, 0, 2, 3, 1, 2, 2, 2, 0, 0, 2, 1, 1, 1, 3, 2, 3, 0, 3, 3, 0, 2, 1, 3, 3, 0, 0, 2, 2, 2, 2, 1, 1, 1, 3, 3, 0, 1, 2, 2, 0, 0, 3, 0, 3, 1, 2, 3, 0, 2, 2, 1, 1, 1, 3, 3, 0, 0, 2, 3, 1, 3, 3, 0, 0, 2, 2, 1, 2, 2, 1, 1, 3, 0, 3, 3, 3, 1, 1, 2, 0, 1, 0, 3, 0, 0, 0, 2, 2, 1, 2, 2, 0, 3, 0, 1, 2, 1, 1, 1, 3, 0, 3, 1, 3, 0, 2, 1, 2, 2, 0, 0, 0, 3, 3, 1, 2, 0, 2, 1, 1, 1, 3, 0, 3, 1, 3, 1, 3, 0, 0, 0, 2, 3, 0, 2, 1, 2, 1, 1, 2, 2, 0, 0, 0, 3, 3]"
23,3858330023,"[3, 1, 2, 0, 3, 1, 3, 1, 3, 1, 2, 0, 0, 0, 2, 2, 1, 1, 3]"
24,3858330024,"[3, 0, 3, 2, 2, 0, 0, 2, 1, 1, 1, 3, 1, 1, 3, 3, 0, 2, 0, 0, 3, 0, 2, 3, 1, 2, 2, 2, 1, 3, 3, 1, 1, 2, 0, 1, 2, 0, 0, 0, 3, 0, 1, 1, 2, 0, 3, 0, 3, 3, 1, 2, 1, 1, 1, 2, 0, 0, 0]"
25,3858330025,"[2, 3, 1, 1, 2, 2, 2, 0, 0, 1, 3, 3, 0, 1, 2, 2, 0, 0, 2, 3, 1, 1, 1, 3, 0, 3, 1, 3, 0, 1, 0, 2, 2, 2, 0, 0, 2, 0, 3, 2, 1, 3, 1, 1, 1, 3, 0, 3, 3, 0, 2, 3, 1, 1, 2, 2, 2, 0, 0, 0, 0, 3, 0, 3, 3, 1, 1, 0, 0, 2, 2, 1, 3, 0, 1, 2, 2, 2, 1, 3, 1, 1, 1, 3, 0, 3, 3, 0, 2, 3, 1, 1, 2, 2, 2, 0, 0, 0, 0, 3, 3, 0, 3, 3, 1, 2, 0, 2, 2, 1, 2, 2, 1, 3, 1, 1, 1, 3, 0, 3, 3, 0, 0, 1, 2, 1, 3, 1, 2, 2, 2, 0, 0, 0, 0, 3, 0, 3, 3, 1, 2, 3, 1, 0, 2, 2, 3, 0, 2, 1, 1, 2, 1, 1, 1, 3, 0, 3, 3, 0, 0, 1, 2, 1, 3, 1, 2, 2, 2, 0, 0, 0, 3, 0, 3, 0, 3, 3, 1, 2]"
26,3858330026,"[1, 3, 1, 0, 0, 3, 1, 1, 1]"
27,3858330027,"[3, 1, 2]"
28,3858330028,"[3, 2, 1, 1, 3, 3, 0, 0, 3, 3, 0, 3, 1, 2, 2, 1, 2, 0, 2, 2, 1, 3, 3]"
29,3858330029,"[2, 3, 0, 0, 0, 0, 2, 0, 3, 1, 1, 1, 1, 1, 2, 0, 1, 0, 3, 0, 0, 0, 2, 0, 2, 1, 3, 2, 0, 3, 3, 1, 1, 1, 2, 0, 2, 0, 1, 3, 1, 2, 2, 0, 3, 2, 2, 2, 1, 3, 3, 2, 2, 0, 3, 3, 3, 0, 3, 0, 2, 2, 1, 3, 1, 2, 1, 3, 0, 2, 1, 2, 2, 0, 3, 2, 1, 3, 3, 3, 0, 3, 1, 2, 2, 2, 0, 3, 0, 3, 3, 0, 3, 1, 1, 1, 1, 1, 2, 0, 1, 0, 3, 0, 0, 2, 2, 1, 0, 0, 3, 0, 3, 1, 1, 1, 1, 2, 0, 2, 2, 2, 0, 3, 0, 3, 3, 1, 3, 0, 2, 2, 1, 3, 1, 3, 0, 0, 2, 2, 1, 2, 1, 3, 0, 2, 0, 3, 3, 0, 3, 1, 1, 1, 2, 3, 1, 1, 2, 0, 0, 3, 0, 0, 2, 2, 1, 2, 1, 3, 0, 2, 0, 3, 3, 0, 3, 1, 1, 2, 1, 0, 2, 1, 0, 0, 3, 0, 3, 1, 1, 1, 1, 1, 2, 0, 1, 0, 3, 0, 0, 0, 2, 2, 1, 1, 2, 2, 0, 3, 0, 3, 3, 0, 3, 1, 1, 1, 1, 2, 0, 2, 3, 3, 0, 0, 2, 2, 1, 2, 3, 0, 3, 0, 3, 1, 1, 2, 3, 1, 2, 0, 0, 2, 0, 2, 1, 1, 1, 3, 0, 2, 3, 3, 3, 1, 2, 3, 0, 0, 2, 0, 2, 1, 3, 2, 0, 3, 3, 1, 1, 1, 2, 2, 0, 2, 2, 1, 3, 2, 2, 0, 3, 3, 0, 3, 1, 2, 1, 3, 0, 2, 0, 3, 0, 3, 3, 1, 2, 1, 1, 2, 0, 2, 0, 0, 3, 1, 1, 2, 3, 0, 3, 0, 3, 1, 1, 1, 2, 2, 0, 2, 0, 3, 3, 0, 3, 1, 1, 1, 1, 1, 2, 0, 1, 0, 3, 0, 0, 0, 2, 2, 1, 1, 2, 3, 0, 2, 0, 3, 3, 0, 3, 1, 1, 1, 2, 3, 0, 0, 2, 2, 1, 2, 1, 3, 0, 2, 2, 2, 1, 3, 2, 0, 3, 3, 3, 3, 1, 2, 2, 3, 0, 2, 0, 3, 3, 0, 3, 1, 1, 1, 1, 1, 2, 0, 0, 2, 0, 2, 2, 2, 1, 3, 2, 0, 3, 3, 3, 1, 3, 3, 0, 2, 3, 1, 2, 0, 0, 2, 0, 2, 1, 1, 2, 1, 3, 0, 3, 2, 3, 0, 3, 0, 3, 1, 1, 1, 2, 2, 0, 2, 0, 3, 3, 1, 3, 1, 1, 2, 0, 2, 0, 2, 2, 1, 3, 2, 2, 0, 3, 3, 3, 0, 3, 0, 3, 1, 1, 1, 2, 0, 1, 2, 0, 2, 0, 3, 0, 3, 3, 1, 2, 0, 3, 1, 1, 1, 2, 2, 2, 3, 0, 2, 0, 0, 3, 1, 3, 2, 0, 3, 3, 1, 1, 1, 2, 2, 2, 0, 2, 2, 1, 3, 2, 0, 3, 3, 3, 1, 2, 3, 0, 2, 0, 3, 3, 0, 3, 1, 1, 2, 3, 1, 2, 2, 0, 2, 2, 2, 1, 3, 2, 0, 3, 3, 3, 1, 3, 3, 0, 0, 2, 0, 2, 1, 3, 2, 0, 3, 3, 1, 1, 1, 2, 2, 2, 0, 3, 2, 3, 1, 3, 0, 3, 1, 2, 2, 0, 2, 2, 2, 1, 3, 2, 0, 3, 3, 3, 1, 3, 3, 0, 0, 0, 2, 1, 2, 1, 2, 0, 0, 3, 3, 3, 1, 1, 1, 2, 0, 3, 1, 2, 2, 0, 2, 2, 1, 3, 2, 2, 0, 3, 3, 3, 0, 0, 3, 3, 1, 2, 0, 3, 1, 1, 1, 2, 0, 2, 2, 1, 3, 0, 2, 0, 3, 1, 3, 1, 2, 0, 2, 0, 3, 0, 3, 1, 2, 1, 2, 0, 0, 3, 3, 3, 1, 1, 2, 3, 1, 2, 2, 0, 2, 0, 3, 1, 2, 0, 3, 0, 3, 3, 1, 1, 1, 1, 1, 2, 0, 0, 2, 0, 2, 0, 3, 0, 3, 3, 1, 2, 0, 3, 1, 1, 2, 3, 1, 2, 2, 2, 2, 2, 0, 3, 3, 0, 3, 0, 3, 3, 1, 1, 2, 2, 1, 0, 0, 0, 3, 3, 1, 2, 0, 3, 1, 1, 1, 2, 2, 2, 2, 0, 3, 0, 0, 3, 3, 1, 2, 3, 1, 2, 1, 2, 2, 0, 3, 2, 2, 1, 3, 3, 3, 3, 3, 0, 0, 2, 2, 0, 2, 1, 3, 3, 0, 3, 1, 1, 1, 2, 2, 0, 1, 2, 0, 3, 2, 2, 2, 1, 3, 3, 3, 3, 3, 0, 0, 2, 0, 2, 1, 1, 2, 1, 3, 0, 0, 3, 0, 2, 2, 1, 3, 1, 1, 2, 0, 3, 3, 1, 2, 0, 0, 3, 0, 2, 2, 1, 3, 1, 1, 2, 0, 3, 2, 2, 2, 1, 3, 3, 3, 3, 3, 1, 1, 2, 0, 0, 2, 0, 0, 3, 0, 2, 2, 1, 3, 1, 1, 3, 3, 0, 2, 3, 1, 2, 2, 2, 0, 2, 2, 1, 3, 3, 3, 0, 2, 3, 1, 3, 3, 0, 0, 2, 0, 2, 2, 1, 3, 1, 1, 2, 2, 0, 3, 0, 3, 0, 3, 3, 1, 2, 1, 2, 1, 0, 3, 0, 2, 1, 2, 3, 2, 1, 3, 3, 3, 0, 0, 2, 2, 0, 2, 1]"
30,3858330030,"[1, 3, 3, 3, 0, 3, 3, 1, 2, 0, 2, 2, 0, 3, 1, 0, 2, 1, 1, 3]"
31,3858330031,"[2, 1, 3, 1, 1, 2, 2, 1, 1, 3, 3, 0, 2, 2, 0, 0, 3, 0, 3, 3, 1, 2, 1, 0, 1, 2, 2, 0, 3, 0, 3, 3, 1, 2, 1, 2, 0, 3, 2, 2, 1, 1, 1, 3, 3, 0, 2, 2, 0, 0, 3, 3, 0, 3, 0, 2, 2, 1, 1, 3, 1, 0, 2, 2, 1, 1, 3, 0, 3, 0, 0, 2, 1, 3, 2, 2, 1, 1, 1, 3, 3, 0, 2, 0, 2, 1, 1, 3, 0, 3, 0, 2, 0, 2, 1, 1, 1, 3, 0, 0, 3, 0, 2, 3, 3, 0, 0, 2, 2, 1, 0, 3, 1, 2, 1, 0, 3, 3, 1, 2, 1, 1, 2, 2, 0, 0, 3, 0, 1, 2, 1, 1, 3, 0, 3, 0, 1, 1, 2, 2, 0, 0, 3, 0, 0, 3, 3, 1, 1, 2, 0, 1, 1, 1, 2, 2, 0, 0, 3]"
32,3858330032,"[2, 3, 0, 0, 0, 2, 2, 2, 2, 2, 1, 3, 1, 3, 2, 3, 0, 3, 3, 3, 1, 1, 2, 0, 1, 0, 3, 0, 0, 2, 2, 2, 2, 2, 1, 3, 1, 3, 3, 0, 1, 2, 2, 0, 2, 0, 3, 3, 3, 3, 3, 1, 2, 3, 0, 2, 2, 2, 2, 2, 1, 3, 1, 3, 3, 3, 1, 0, 0, 3, 0, 2, 2, 2, 1, 3, 1, 3, 1, 3, 0, 2, 2, 0, 0, 3, 3, 1, 2, 3, 0, 2, 2, 2, 2, 2, 1, 3, 1, 3, 3, 3, 1, 3, 0]"
33,3858330033,"[1, 3, 0, 3, 3, 1, 1, 2, 1, 3, 0, 0, 2, 0, 3, 1, 1, 1, 1, 1, 2, 0, 1, 0, 3, 0, 0, 2, 1, 3, 0, 0, 2, 0, 2, 2, 1, 3, 0, 3, 3, 1, 1, 1, 1, 1, 2, 0, 1, 0, 3, 0, 0, 2, 0, 1, 1, 3, 0, 0, 0, 2, 3, 2, 1, 3, 1, 1, 1, 1, 2, 0, 1, 0, 3, 0, 0, 0, 2, 2, 2, 0, 3, 1, 3, 3, 1, 1, 1, 2, 0, 1, 1, 3, 0, 0, 0, 0, 0, 2, 1, 1, 3, 0, 2, 0, 2, 3, 3, 1, 1, 2, 1, 3, 1, 1, 2, 0, 0, 0]"
34,3858330034,"[2, 3, 1, 0, 2, 2, 2]"
35,3858330035,"[3, 3, 0, 0, 0, 2, 2, 1, 1, 1, 2, 2, 0, 3, 2, 1, 3, 0, 0, 3, 3, 3, 1, 1, 2, 0, 1, 0, 3, 0, 0, 2, 2, 1, 2, 1, 3, 0, 1, 2, 2, 1, 3, 3, 3, 3, 0, 0, 2, 3, 1, 1, 2, 0, 1, 0, 3, 0, 0, 2, 2, 1, 0, 1, 2, 1, 2, 1, 3, 3, 3, 0, 3, 0, 2, 3, 0, 2, 1, 1, 1, 2, 2, 0, 3, 2, 2, 1, 3, 3, 3, 3, 0, 0, 0, 2, 2, 1, 3, 2, 0, 3, 3, 1, 1, 1, 2, 2, 0, 2, 2, 1, 3, 3, 3, 3, 0, 2, 1, 2, 2, 2, 0, 3, 0, 3, 0, 1, 2, 1, 2, 1, 3, 3, 0, 3, 1, 3, 0, 0, 0, 2, 1, 3, 1, 1, 2, 2, 2, 2, 0, 3, 0, 3, 1, 0, 0, 3, 3, 1, 1, 2, 0, 2, 3, 3, 1, 2, 1, 2, 2, 0, 3, 0, 1, 2, 2, 1, 3, 3, 3, 3, 0, 0, 0, 2, 3, 1, 2, 2, 1, 2, 2, 1, 3, 3, 3, 0, 1, 0, 3, 0, 2, 3, 0, 2, 1, 1, 1, 2, 2, 2, 0, 3, 0, 3, 1, 3, 0]"
36,3858330036,"[3, 0, 2, 1, 1, 1, 3, 0, 2, 0, 0, 0, 3, 1, 1, 2, 3, 0, 0, 3, 2, 2, 1, 1, 1, 1, 3, 0, 0, 0, 2, 0, 3]"
37,3858330037,"[0, 1, 2, 2, 0, 0, 0, 0, 3, 1, 0, 1, 2, 0, 0, 2, 2, 1, 1, 1, 3, 3, 1, 1, 3, 3, 0, 2, 0, 1, 3, 1, 2, 2, 0, 1, 0, 3, 0, 0, 1, 0, 2, 0, 0, 2, 2, 1, 1, 1, 3, 3, 0, 3, 1, 0, 1, 2, 0, 0, 0, 3, 1, 0, 1, 2, 0, 2, 2, 1, 1, 1, 3, 0, 3, 1, 1, 1, 3, 3, 0, 2, 0, 0, 1, 1, 3, 1, 2, 2, 0, 1, 0, 3, 0, 0, 2, 0, 0, 3, 1, 1, 1, 2, 3, 0, 0, 0, 2, 1, 2, 0, 2, 1, 1, 3, 3, 1, 1, 1, 3, 0, 3, 1, 2, 2, 0, 0, 0, 3, 1, 0, 1, 2, 1, 1, 3, 3, 0, 2, 3, 1, 2, 0, 0, 0, 0, 0, 2, 1, 2, 0, 2, 1, 1, 1, 3, 2, 0, 3, 0, 0, 3, 1, 3, 1, 1, 2, 3, 1, 3, 1, 2, 2, 0, 0, 3, 0, 0, 0, 2, 1, 2, 0, 2, 1, 1, 1, 3, 2, 0, 3, 0, 0, 3, 1, 3, 1, 2, 3, 0, 0, 2, 1, 2, 0, 2, 1, 1, 1, 3, 3, 2, 0, 2, 1, 3, 0, 3, 3, 1, 0, 1, 2, 0, 0, 2, 0, 3, 1, 3, 1, 1, 2, 1, 1, 3, 0, 3, 1, 2, 2, 0, 0, 0, 3, 0, 0, 2, 1, 2, 0, 2, 1, 0, 3, 3, 1, 3, 1, 1, 0, 1, 2, 0, 0, 3, 0, 2, 2, 2, 1, 3, 1, 1, 2, 0, 1, 0, 3, 0, 0, 3, 1, 3, 1, 1, 2, 1, 1, 3, 3, 0, 2, 3, 1, 2, 0, 0, 0, 0, 0, 2, 1, 2, 0, 2, 1, 0, 3, 3, 1, 3, 1, 1, 1, 3, 1, 2, 2, 0, 1, 0, 3, 0, 0, 0, 0, 2, 1, 2, 1, 1, 2, 0, 1, 3, 3, 0, 3, 1, 0, 1, 2, 0, 0, 3, 0, 2, 2, 2, 1, 0, 3, 3, 1, 3, 1, 1, 2, 1, 1, 3, 3, 0, 2, 3, 1, 2, 0, 0, 0, 0, 0, 2, 1, 2, 1, 1, 2, 0, 1, 0, 3, 0, 0, 3, 1, 3, 1, 1, 1, 3, 1, 2, 2, 0, 1, 0, 3, 0, 0, 0, 0, 2, 1, 2, 0, 2, 1, 0, 3, 3, 1, 3, 1, 1, 1, 2, 0, 3, 1, 3, 1, 2, 2, 0, 0, 2, 2, 0, 1, 0, 3, 0, 0, 3, 1, 3, 1, 1, 2, 0, 3, 1, 1, 3, 1, 2, 2, 0, 0, 0, 2, 0, 0, 2, 1, 0, 3, 3, 3, 1, 2]"
38,3858330038,"[2, 1, 1, 3, 1, 2, 0, 0, 0, 3, 1]"
39,3858330039,"[3, 1, 0, 3, 3, 1, 2, 1, 0, 3, 0, 2, 2, 2, 1, 3, 1, 3, 0, 1, 2, 1, 0, 3, 0, 3, 0, 2, 3, 1, 2, 1, 2, 1, 1, 2, 3, 0, 0, 3, 0, 2, 2, 0, 3, 1, 3, 1, 2, 1, 2, 1, 1, 3, 2, 3, 0, 2, 0, 3, 0, 3, 0, 3, 0, 2]"
40,3858330040,"[3, 3, 0, 0, 0, 0, 2, 2, 0, 2, 1, 2, 0, 2, 1, 1, 1, 1, 3, 2, 0, 0, 3, 0, 0, 3, 1, 3, 1, 3, 3, 1, 1, 1, 2, 2, 0, 3, 2, 2, 3, 3, 1, 3, 0, 2, 0, 0, 3, 0, 2, 2, 0, 2, 1, 2, 0, 2, 1, 1, 1, 1, 3, 2, 0, 0, 3, 0, 0, 3, 1, 3, 1, 3, 1, 1, 3, 0, 2, 1, 2, 2, 3, 3, 1, 3, 0, 0, 2, 0, 2, 0, 3, 3, 1, 0, 1, 2, 1, 1, 3, 0, 2, 0, 2, 0, 3, 0, 2, 2, 1, 2, 0, 2, 1, 1, 1, 1, 3, 2, 0, 0, 3, 0, 0, 3, 1, 3, 1, 3, 0, 3, 1, 0, 1, 2, 1, 1, 2, 2, 3, 3, 0, 0, 3, 1, 0, 1, 2, 0, 2, 0, 3, 0, 2, 2, 1, 2, 0, 2, 1, 1, 1, 1, 3, 2, 0, 0, 3, 0, 0, 3, 1, 3, 1, 3, 3, 1, 2, 1, 1, 3, 0, 2, 0, 0, 3, 0, 2, 2, 0, 2, 1, 2, 0, 2, 1, 1, 1, 1, 3, 3, 2, 2, 0, 0, 3, 0, 0, 3, 1, 3, 1, 3, 1, 1, 3, 0, 2, 0, 2, 0, 3, 0, 2, 2, 1, 2, 0, 2, 1, 1, 1, 1, 3, 3, 3, 2, 2, 2, 0, 0, 3, 0, 0, 3, 1, 3, 1, 3, 0, 3, 1, 0, 1, 2, 2, 0, 3, 0, 2, 2, 1, 2, 0, 2, 1, 1, 1, 1, 3, 3, 3, 1, 3, 0, 3, 0, 1, 2, 1, 2, 0, 2, 2, 2, 0, 0, 3, 0, 0, 3, 1, 3, 1, 3, 1, 3, 0, 1, 0, 2, 2, 0, 3, 0, 2, 2, 1, 2, 0, 2, 1, 1, 1, 1, 3, 3, 3, 1, 3, 0, 1, 0, 3, 0, 0, 2, 2, 0, 3, 0, 3, 1, 2, 2, 0, 2, 1, 2, 0, 2, 1, 1, 1, 1, 3, 3, 3, 3, 0, 1, 1, 2, 0, 2, 2, 2, 0, 0, 3, 0, 0, 3, 1, 3, 3, 3, 1, 0, 2, 1, 3, 1, 0, 2, 1, 3, 0, 0, 2, 2, 0, 2, 1, 2, 0, 2, 1, 1, 1, 1, 3, 3, 3, 1, 3, 3, 0, 2, 1, 0, 0, 0, 3, 1, 0, 1, 2, 0, 2, 0, 3, 0, 2, 2, 1, 2, 0, 2, 1, 1, 1, 1, 3, 3, 3, 2, 3, 1, 3, 0, 1, 3, 0, 2, 1, 2, 0, 2, 2, 2, 0, 0, 3, 0, 0, 3, 1, 3, 1, 3, 1, 0, 3, 0, 2, 2, 0, 2, 1, 2, 0, 2, 1, 1, 1, 1, 3, 3, 3, 1, 3, 3, 0, 0, 2, 3, 1, 1, 2, 0, 1, 0, 2, 2, 2, 2, 0, 0, 3, 0, 0, 3, 1, 3, 1, 3, 0, 3, 1, 0, 1, 2, 2, 0, 3, 0, 2, 2, 1, 2, 0, 2, 1, 1, 1, 1, 3, 3, 3, 3, 0, 1, 3, 0, 2, 1, 1, 2, 0, 2, 2, 2, 0, 0, 3, 0, 0, 3, 1, 3, 3, 1, 2, 0, 3, 0, 2, 2, 1, 2, 0, 2, 1, 1, 1, 1, 3, 3, 3, 3, 1, 3, 0, 0, 0, 1, 0, 2, 2, 0, 3, 0, 2, 2, 1, 2, 0, 2, 1, 1, 1, 1, 3, 3, 3, 3, 0, 1, 1, 2, 0, 2, 2, 2, 0, 0, 3, 0, 0, 3, 1, 3, 3, 0, 3, 1, 2, 2, 0, 2, 1, 2, 0, 2, 1, 1, 1, 1, 3, 3, 3, 3, 0, 0, 2, 0, 0, 3, 3, 1, 1, 0, 2, 0, 3, 1, 1, 2, 1, 1, 3, 0, 2, 1, 1, 2, 0, 2, 2, 2, 0, 0, 3, 0, 3, 3, 1, 0, 0, 2, 1, 2, 0, 2, 1, 1, 1, 1, 3, 3, 3, 3, 1, 3, 0, 0, 0, 1, 0, 2, 2, 0, 0, 3, 1, 2, 3, 0, 2, 2, 1, 2, 0, 2, 1, 1, 1, 1, 3, 3, 3, 3, 0, 0, 3, 1, 2, 1, 1, 2, 0, 2, 2, 2, 0, 0, 3, 0, 0, 3, 1, 3, 0, 3, 3, 1, 2, 3, 1, 0, 1, 2, 1, 1, 1, 2, 0, 2, 2, 2, 0, 0, 3, 0, 3, 3, 1, 0, 0, 3, 3, 1, 1, 2, 1, 1, 3, 0, 2, 0, 0, 3, 1, 0, 0, 2, 3, 2, 1, 2, 1, 3, 1, 1, 3, 0, 2, 1, 1, 2, 0, 2, 2, 2, 0, 0, 3, 0, 0, 3, 3, 1, 1, 3, 0, 3, 0, 2, 3, 1, 1, 0, 1, 2, 2, 0, 2, 0, 3, 1, 1, 3, 3, 1, 0, 1, 2, 1, 1, 2, 0, 2, 2, 2, 0, 0, 3, 0, 0, 3, 1, 3, 1, 3, 0, 3, 0, 2, 3, 2, 1, 2, 1, 3, 3, 1, 2, 1, 1, 3, 0, 2, 1, 2, 0, 2, 2, 2, 0, 0, 3, 0, 0, 3, 1, 3, 1, 3, 3, 0, 2, 0, 2, 3, 3, 1, 1, 2, 2, 0, 2, 2, 0, 2, 1, 1, 1, 1, 3, 3, 3, 3, 3, 0, 2, 1, 1, 2, 0, 2, 2, 2, 0, 0, 3, 0, 3, 3, 0, 2, 1, 3, 1, 3, 0, 3, 1, 0, 1, 2, 2, 0, 3, 0, 2, 2, 2, 3, 1, 3, 1, 3, 1, 1, 3, 0]"
41,3858330041,"[3, 1, 0, 3, 1, 1, 1, 2, 2, 0, 2, 1, 2, 2, 0, 3, 2, 1, 3, 3, 3, 3, 3, 0, 0, 2, 1, 2, 2, 3, 3, 3, 1, 2, 3, 0, 0, 2, 1, 2, 2, 1, 2, 2, 0, 3, 3]"
42,3858330042,"[3, 3, 0, 0, 0, 2, 2, 1, 1, 2, 2, 2, 0, 0, 3, 1, 2, 0, 3, 1, 3, 3, 1, 1, 3, 0, 1, 0, 3, 0, 0, 2, 2, 1, 1, 2, 0, 2, 2, 1, 3, 0, 3, 3, 1, 3, 1, 3, 0, 0, 2, 3, 0, 2, 1, 1, 2, 2, 0, 1, 3, 3, 1, 3, 0, 0, 0, 2, 2, 1, 3, 2, 2, 1, 3, 0, 1, 2, 0, 2, 2, 1, 3, 0, 3, 3, 1, 1, 3, 0, 2, 2, 0, 3, 1, 3, 1, 3, 0, 0, 2, 3, 0, 2, 1, 1, 1, 2, 0, 2, 0, 2, 2, 1, 3, 0, 3, 3, 1, 3, 1, 3, 0, 0, 0, 2, 2, 1, 2, 2, 1, 3, 2, 0, 3, 3, 0, 3, 3, 1, 2, 2, 3, 2, 0, 3, 3, 1, 1, 2, 1, 2, 0, 3, 1, 3, 0, 0, 0, 2, 2, 1, 2, 1, 3, 0, 1, 2, 2, 0, 1, 0, 3, 3, 1, 1, 3, 0, 1, 0, 3, 0, 0, 2, 2, 1, 1, 2, 2, 0, 2, 0, 0, 3, 1, 2, 1, 1, 3, 3, 0, 3, 1, 3, 1, 3, 0, 0, 2, 3, 0, 2, 1, 1, 1, 2, 0, 2, 2, 0, 1, 0, 3, 1, 3, 3, 1, 3, 0, 0, 0, 2, 2, 1]"
43,3858330043,"[2, 3, 1, 2, 0, 2, 3, 1, 2, 0, 2, 0, 1, 3, 3, 1, 2, 1, 2, 0, 2, 0, 1, 1, 3, 3, 0, 0, 0, 2, 1, 2, 3, 0, 0, 2, 1, 3, 1, 3, 3, 1, 2, 1, 2, 2, 0, 3, 2, 0, 3, 0, 3, 1, 3, 1, 2, 0, 3, 1, 2, 1, 2, 2, 0, 0, 0, 1, 0, 3, 1, 3, 3, 1, 2, 1, 2, 0, 1, 2, 0, 0, 0, 3, 0, 0, 2, 1, 0, 3, 1, 1, 3, 1, 3, 1, 2, 2, 0, 0, 0]"
44,3858330044,"[0, 1, 2, 0, 3, 3, 3, 3, 3, 1, 2, 1, 2, 0, 3, 1, 3, 0, 0, 0, 2, 2, 2, 1, 2, 1, 2, 0, 0, 3, 2, 1, 3, 3, 3, 1, 3, 1, 3, 0, 0, 0, 2, 2, 1, 2, 2, 0, 3, 0, 3, 3, 1, 3, 1, 2, 0, 2, 1, 3, 2, 2, 2, 0, 3, 0, 3, 3, 1, 3, 1, 2, 1, 1, 2, 0, 3, 1, 3, 0, 0, 0, 2, 0, 2, 2, 1, 3, 1, 3, 3, 0, 2, 2, 1, 3, 3, 1, 2, 1, 2, 0, 3, 1, 3, 0, 0, 0, 2, 2, 2, 3, 1, 3, 2, 0, 2, 1, 2, 1, 2, 0, 0, 3, 2, 1, 3, 3, 3, 3, 3, 0, 2, 2, 0, 2, 1, 3, 2, 0, 3, 3, 1, 3, 1, 2, 1, 1, 2, 0, 3, 1, 3, 0, 0, 0, 2, 2, 1, 3, 2, 0, 2, 2, 1, 3, 3, 0, 2, 0, 3, 3, 1, 3, 1, 1, 2, 1, 2, 0, 3, 1, 3, 0, 0, 0, 2, 1, 3, 0, 2, 2, 1, 3, 2, 0, 2, 0, 3, 3, 1, 3, 1, 1, 1, 2, 0, 1, 0, 3, 0, 2, 2, 2, 3, 3, 3, 1, 2, 1, 2, 0, 3, 1, 3, 0, 0, 0, 2, 2, 2, 2, 2, 1, 1, 3, 0, 3, 3, 1, 3, 1, 3, 0, 0, 0, 2, 2, 2, 1, 2, 1, 2, 0, 0, 3, 2, 1, 3, 3, 3, 1, 3, 1, 3, 0, 0, 2, 3, 0, 2, 2, 0, 2, 1, 3, 2, 0, 3, 3, 1, 3, 1, 2, 1, 2, 0, 1, 3, 1, 3, 0, 0, 0, 2, 0, 2, 2, 1, 2, 1, 3, 3, 1, 3, 1, 3, 0, 0, 0, 2, 2, 3, 1, 2, 2, 2, 0, 3, 0, 3, 3, 1, 3, 1, 2, 2, 1, 1, 3, 0, 1, 0, 3, 0, 0, 2, 0, 2, 1, 2, 3, 0, 3, 1, 3, 1, 1, 2, 0, 3, 2, 1, 2, 0, 1, 3, 1, 3, 0, 0, 2, 2, 2, 2, 1, 2, 0, 0, 3, 3, 0, 3, 3, 1, 3, 1, 1, 2, 1, 2, 0, 0, 0, 2, 3, 1, 1, 3, 1, 3, 0, 0, 2, 3, 0, 2, 0, 0, 2, 1, 3, 1, 1, 2, 1, 3, 1, 3, 0, 0, 0, 2, 2, 1, 2, 3, 1, 3, 1, 3, 0, 0, 0, 2, 2, 0, 2, 1, 3, 2, 2, 2, 1, 1, 3, 0, 3, 2, 3, 0, 3, 0, 3, 1, 3, 1, 2, 1, 2, 0, 1, 3, 1, 3, 0, 0, 0, 2, 1, 2, 2, 2, 1, 2, 0, 0, 3, 2, 1, 3, 3, 3, 1, 3, 1, 3, 0, 0, 0, 2, 0, 2, 1, 0, 1, 3, 3, 1, 2, 1, 2, 0, 1, 3, 1, 3, 0, 0, 0, 2, 0, 2, 2, 1, 0, 3, 3, 1, 3, 1, 2, 2, 0, 2, 2, 1, 3, 2, 1, 2, 0, 0, 3, 3, 0, 3, 1, 1, 3, 2, 0, 2, 0, 3, 0, 3, 1, 2, 1, 2, 2, 2, 1, 3, 3, 3, 3, 3, 1, 2, 1, 2, 0, 3, 0, 0, 3, 1, 2, 0, 2, 2, 1, 3, 1, 3, 1, 3, 0, 0, 0, 2, 2, 2, 0, 3, 0, 3, 1, 2, 1, 2, 2, 2, 1, 3, 3, 3, 1, 3, 1, 3, 0, 0, 2, 2, 1, 3, 1, 3, 0, 0, 0, 2, 3, 1, 2, 2, 2, 3, 1, 3, 1, 3, 0, 0, 0, 2, 0, 2, 1, 2, 1, 3, 1, 3, 1, 3, 0, 0, 0, 2, 2, 2, 2, 2, 1, 1, 3, 0, 1, 2, 0, 3, 3, 3, 1, 3, 1, 3, 0, 0, 0, 2, 1, 2, 1, 1, 3, 3, 0, 0, 0, 2, 2, 2, 1, 2, 1, 2, 0, 0, 3, 2, 1, 3, 3, 3, 1, 1, 3, 0, 1, 0, 3, 0, 0, 2, 2, 2, 3, 2, 0, 3, 3, 1, 3, 1, 1, 2, 0, 2, 0, 2, 1, 2, 1, 2, 0, 0, 3, 2, 1, 3, 3, 3, 1, 3, 1, 3, 0, 0, 0, 2, 3, 1, 2, 2, 0, 1, 2, 2, 0, 3, 0, 3, 0, 1, 2, 1, 2, 2, 1, 3, 3, 3, 1, 3, 1, 3, 0, 0, 0, 2, 2, 1, 1, 3, 1, 3, 0, 0, 0, 2, 2, 0, 0, 3, 1, 2, 1, 1, 2, 2, 0, 3, 0, 1, 2, 2, 1, 3, 3, 3, 3, 0, 3, 1, 2, 2, 2, 2, 1, 2, 0, 0, 3, 3, 0, 3, 1, 2, 3, 0, 0, 3, 1, 2, 1, 2, 1, 3, 1, 3, 1, 3, 0, 0, 0, 2, 1, 0, 2, 1, 1, 1, 3, 3, 0, 0, 0, 2, 2, 0, 2, 1, 3, 2, 0, 3, 3, 1, 3, 1, 2, 2, 1, 1, 3, 0, 1, 0, 3, 0, 0, 2, 2, 2, 2, 1, 3, 2, 1, 2, 0, 0, 3, 3, 3, 1, 0, 3, 1, 2, 3, 3, 1, 1, 2, 2, 0, 1, 3, 0, 2, 0, 1, 3, 0, 2, 0]"
45,3858330045,"[0, 1, 0, 2, 2, 1, 2, 0, 0, 3, 2, 1, 3, 3, 3, 3, 3, 0, 2, 0, 2, 1, 2, 3, 1, 3, 2, 0, 2, 1, 2, 1, 2, 0, 0, 3, 3, 2, 2, 1, 3, 3, 3, 0, 2, 3, 1, 3, 3, 0, 2, 0, 0, 2, 1, 3, 1, 3, 1, 2, 2, 2, 0, 3, 2, 3, 1, 3, 0, 0]"
46,3858330046,"[0, 2, 3, 1, 2, 1, 2, 2, 0, 3, 1, 3, 3, 0, 0, 2, 2, 1, 0, 3, 3, 1, 2, 0, 2, 1, 0, 1, 2, 1, 3, 3, 3]"
47,3858330047,"[1, 2, 3, 0, 2, 2, 2, 2, 2, 1, 3, 3, 1, 1, 2, 0, 1, 2, 0, 0, 0, 3, 3, 3, 1, 3, 2, 0, 2, 2, 1, 2, 0, 3, 1, 3, 1, 3, 0, 1, 2, 0, 0, 3, 3, 3, 1, 1, 1, 2, 2, 2, 2, 0, 1, 2, 0, 0, 0, 3, 3, 3, 1, 1, 3, 1, 0, 0, 2, 1, 2, 2, 1, 2, 0, 0, 0, 3, 1, 2, 0, 3, 1, 3, 3, 1, 3, 1, 3, 0, 2, 1, 2, 2, 2, 0, 1, 2, 0, 0, 0, 3, 3, 3, 1, 1, 3, 3, 0, 2, 2, 1, 3, 1, 2, 2, 2, 2, 0, 0, 0, 3, 1, 2, 0, 3, 1, 3, 3, 1, 3, 1, 3, 0, 0, 0, 1, 0, 2, 2, 2, 2, 2, 1, 3, 3, 3, 1, 3, 1, 2, 2, 2, 0, 1, 2, 0, 0, 0, 3, 1, 2, 1, 3]"
48,3858330048,"[3, 3, 1, 1, 2, 1, 1, 2, 2, 0, 2, 0, 0, 0, 3, 2, 3, 1, 2, 1, 1, 3, 1, 3, 0, 3, 1, 3, 0, 0, 0, 0, 2, 1, 0, 2, 3, 1, 1, 0, 1, 3, 1, 1, 2, 2, 2, 0, 2, 0, 0, 0, 3, 2, 3, 1, 2, 1, 1, 3, 1, 3, 3, 0, 1, 3, 0, 2, 2, 2, 1, 2, 0, 0, 0, 0, 3, 3, 2, 2, 1, 1, 1, 3, 1, 3, 0, 3, 1, 3, 0, 0, 0, 2, 1, 0, 1, 3, 1, 1, 2, 2, 2, 0, 2, 0, 0, 0, 3, 3, 3, 1, 1, 3, 1, 1, 2, 0, 1, 3, 0, 2, 2, 2, 1, 2, 0, 0, 0, 0, 3, 3, 3, 3, 1, 2, 1, 0, 1, 3, 1, 2, 2, 2, 1, 2, 0]"
49,3858330049,"[0, 2, 2, 2, 1, 3]"
50,3858330050,"[1, 0, 2, 2, 1, 0, 2, 1, 1, 1, 3, 3, 0, 3, 0, 2, 3, 0, 2, 2, 2, 1, 1, 3, 2, 0, 0, 3, 1, 3, 1, 3, 2, 0, 2, 0, 2, 1, 1, 3, 1, 3, 0, 1, 0, 3, 0, 2, 3, 0, 2, 2, 1]"
51,3858330051,"[2, 1, 3, 1, 0, 2, 1, 3, 1, 1, 2, 0, 3, 2, 1, 1, 3, 2, 3, 0, 2, 0, 3, 0, 0, 2, 1, 3, 1, 1, 1, 3, 2, 2, 0, 0, 3, 2, 1, 1, 3, 3, 3, 2, 2, 2, 0, 0, 3, 0, 0, 2, 1, 3, 1, 1, 1, 3, 3, 3, 0, 1, 2, 2, 2, 2, 0, 0, 3, 0, 0, 2, 1, 1]"
52,3858330052,"[2, 0, 3, 0, 0, 3, 1, 3, 0, 3, 3, 1, 2, 0, 2, 2, 1, 2, 0, 2, 1, 1, 1, 3, 3, 0, 2, 0, 0, 3, 1, 3, 0, 1, 2, 0, 2, 2, 1, 1, 1, 3, 3, 0, 2, 0, 0, 3, 3, 1, 2, 3, 0, 3, 3, 1, 2, 0, 2, 2, 1, 2, 3, 3, 0, 1, 2, 0, 2, 2, 1, 0, 3, 3, 1, 3, 0, 3, 3, 1, 2, 0, 2, 2, 1, 2, 1, 1, 2, 0, 1, 0, 3, 0, 0, 3, 3, 3, 1, 2, 0, 2, 2, 2, 1, 3, 3, 3, 0, 1, 2, 0, 2, 2, 1, 3, 1, 1, 2, 0, 1, 0, 3, 0, 0, 3, 1, 3, 0, 3, 3, 1, 2, 0, 2, 2, 1, 2, 0, 2, 1, 0, 3, 3, 3, 3, 1, 2, 0, 2, 2, 2, 1, 3, 1, 1, 2, 0, 1, 0, 3, 0, 0, 3, 3, 1, 2, 3, 0, 2, 2, 2, 1, 0, 3, 1, 0, 2, 1, 3, 3, 1, 1, 2, 2, 0]"
53,3858330053,"[0, 0, 3, 3, 0, 2, 1, 2, 1, 1, 3, 0, 2, 0, 0, 3, 1, 3, 2, 0, 0, 3, 0, 2, 2, 1, 3, 1, 1, 2, 0, 3, 2, 1, 1, 1, 3, 0, 2, 0, 0, 3, 0, 3, 0, 2, 2, 1, 1, 1, 3, 1, 1, 2, 0, 1, 0, 3, 0, 3, 2, 3, 0, 2, 2, 1, 3, 1, 1, 2, 0, 0]"
54,3858330054,"[2, 0, 3, 1, 1, 2, 3, 1, 2, 2, 2, 0, 0, 3, 0, 3, 3, 1, 1, 2, 2, 1, 0, 0, 0, 3, 3, 1, 2, 0, 3, 1, 1, 1, 2, 2, 2, 0, 3, 2, 1, 3, 3, 3, 0, 0, 2, 0, 2, 1, 3, 2, 0, 2, 2, 1, 3, 0, 1, 1, 1, 3, 3, 0, 2, 1, 0, 3, 3, 0, 2, 0, 2, 1, 3, 2, 0, 3, 3, 1, 1, 1, 2, 2, 2, 0, 1, 3, 3, 0, 2, 1, 0, 0, 3, 0, 2, 2, 2, 1, 3, 3, 1, 1, 2, 0, 3, 2, 1, 3, 3, 3, 0, 0, 2, 0, 2, 2, 1, 0, 3, 3, 1, 2, 2]"
55,3858330055,"[1, 3, 3, 0, 2, 1, 0, 3, 3, 3, 1, 2, 3, 0, 2, 2, 2, 1, 2, 0, 3, 3, 3, 1, 2, 0, 2, 2, 0, 1, 1, 3, 0, 1, 2, 0, 0, 0, 1, 1, 3, 3, 3, 1, 2, 0, 2, 2, 1, 3, 3]"
56,3858330056,"[0, 3, 1, 0, 2, 1, 1, 3, 3, 3, 0, 2, 1, 2, 2, 0, 0, 3, 3]"
57,3858330057,"[2, 0, 3, 1, 1, 1, 2, 3, 0, 0, 0, 2, 0]"
58,3858330058,"[3, 0, 2, 3, 0, 3, 1, 1, 2, 2, 2, 2, 0, 3, 2, 2, 1, 3, 3, 3, 3, 0, 2, 2, 2, 1, 2, 0]"
59,3858330059,"[0, 3, 0, 2, 1, 1, 3, 0, 3, 0, 2, 2, 1, 1, 3, 3, 2, 2, 0, 3, 0, 3, 3, 3, 1, 2, 1, 3, 2, 0, 0, 2, 2, 1, 3, 0, 3, 3, 0, 3, 1, 1, 1, 2, 1, 1, 2, 0, 3, 1, 3, 0, 0, 0, 0, 2, 2, 2, 1, 3, 1, 0, 3, 2, 2, 0, 3, 3, 1, 1, 3, 1, 2, 1, 2, 0, 3, 1, 3, 0, 0, 2, 0, 2, 2, 0, 3, 3, 3, 1, 0, 1, 2, 2, 1, 3, 1, 3, 0, 2, 2, 0, 2, 0, 3, 3, 3, 1, 0, 1, 2, 2, 2, 0, 2, 2, 1, 1, 3, 3, 3, 3, 1, 1, 2, 0, 3, 3, 0, 2, 0, 2, 1, 3, 3, 0, 1, 0, 2, 2, 2, 0, 2, 2, 1, 1, 3, 3, 3, 3, 1, 1, 2, 0, 3, 1, 3, 0, 0, 0, 2, 2, 2, 0, 3, 3, 0, 3, 1, 2, 2, 1, 2, 1, 3, 1, 0, 0, 2, 0, 3, 3, 3, 1, 2, 1, 2, 1, 1, 3, 3, 0, 0, 2, 1]"
60,3858330060,"[3, 2, 0, 0, 0, 0, 0, 3, 1, 3, 1, 2, 1, 3, 3, 3, 0, 2, 3, 1, 2, 2, 1, 2, 0, 3, 3, 0, 2, 1, 1, 2, 1, 2, 0, 1, 3, 0, 0, 3, 3, 3, 0, 2, 2, 0, 2, 0, 2, 1, 1, 3, 2, 1, 0, 0, 0, 3, 1, 3, 1, 2, 3, 0, 2, 0, 2, 1, 1, 1, 3, 1, 1, 2, 0, 1, 3, 0, 0, 0, 3, 1, 3, 2, 0, 2, 2, 1, 0, 0, 0, 3, 1, 3, 1, 2, 1, 1, 1, 3, 0, 2, 0, 0, 3, 1, 3, 2, 0, 2, 0, 0, 2, 1, 1, 1, 3, 1, 1, 2, 0, 1, 3, 3, 0, 2, 0, 0, 2, 1, 3, 3, 1, 0, 0, 2, 0, 0, 2, 1, 1, 1, 3, 1, 1, 2, 0, 1, 3, 0, 0, 3, 0, 3, 3, 1, 2, 3, 0, 2, 2, 2, 1, 1, 2, 0, 1, 1, 3, 0, 0, 0, 3, 1, 3, 2, 0, 2, 1, 2, 0, 1, 1, 1, 3, 3, 0, 2, 2, 0, 0, 0, 1, 0, 3, 3, 1, 1, 3, 2, 0, 2, 0, 2, 1, 1, 1, 1, 3, 3, 0, 2, 0, 3, 1, 0, 0, 3, 3, 1, 2, 3, 0, 2, 2, 2, 0, 2, 1, 1, 1, 1, 3, 0, 3, 0, 1, 0, 3, 0, 2, 1, 1, 2, 2, 0, 0, 3, 0, 3, 1, 2, 3, 3, 1, 2, 1, 2, 0, 0, 3, 2, 2, 0, 3]"
61,3858330061,"[0, 0, 2, 2, 2, 1, 0, 3, 3, 3, 1, 1, 2, 0, 3, 0, 2, 2, 2]"
62,3858330062,"[2, 1, 3, 1, 0, 2, 1, 3, 1]"
63,3858330063,"[2, 3, 1, 2, 0, 2, 1, 3, 2, 0, 3, 3, 1, 1, 2, 1, 2, 2, 2, 0, 3, 0, 2, 0, 3, 2, 1, 1, 3, 3, 0, 1, 2, 2, 1, 3, 3, 3, 3, 0, 0, 0, 2, 2, 1, 1, 2, 2, 1, 3, 3, 3, 0, 1, 0, 3, 0, 0, 0, 2, 1, 2, 1, 1, 2, 2, 0, 0, 3, 2, 1, 1, 1, 3, 0, 0, 3, 1, 3, 1, 3, 0, 0, 0, 2, 1, 2, 1, 2, 2, 0, 0, 3, 3, 2, 3, 1, 1, 2, 2, 1, 3, 3, 3, 0, 1, 0, 3, 0, 2, 3, 0, 2, 3, 1, 2, 1, 1, 2, 2, 2, 0, 3, 0, 3, 1, 3, 1, 3, 0, 0, 0, 2, 2, 1, 1, 3, 1, 3, 0, 0, 2, 3, 0, 0, 2, 1, 1, 1, 1, 2, 2, 2, 0, 3, 0, 2, 0, 3, 2, 1, 1, 1, 3, 0, 3, 3, 0, 2, 1, 3, 1, 3, 0, 0, 0, 2, 2, 1, 1, 3, 1, 2, 2, 2, 0, 0, 3, 3, 1, 3, 1, 3, 0, 0, 0, 2, 1, 2, 1, 2, 2, 0, 0, 3, 2, 1, 1, 1, 3, 0, 0, 3, 1, 1, 3, 3, 0, 2, 1, 0, 3, 0, 0, 2, 2, 1, 3, 3, 1, 2, 1, 2, 2, 0, 3, 0, 1, 2, 2, 1, 3, 3, 3, 3, 0, 2, 1, 2, 0, 3, 0, 2, 1, 3, 1, 2, 2, 2, 0, 0, 0, 3, 2, 1, 3, 0, 3, 1, 3, 2, 0, 2, 2, 1, 1, 1, 3, 3, 3, 0, 3, 0, 0, 2, 3, 1, 2, 1, 2, 3, 1, 3, 0, 0, 0, 2, 2, 1, 1, 2, 0, 2, 0, 3, 2, 1, 3, 3, 1, 3, 1, 2, 2, 2, 0, 1, 3, 0, 0, 0, 3, 2, 2, 1, 0, 1, 3, 3, 1, 3, 1, 3, 0, 0, 0, 2, 3, 1, 2, 2, 1, 3, 1, 2, 2, 0, 0, 0, 3, 2, 3, 1, 1, 3, 1, 2, 2, 2, 0, 1, 3, 0, 0, 3, 1, 3, 1, 3, 0, 0, 0, 0, 2, 1, 3, 1, 1, 2, 1, 2, 2, 2, 0, 3, 0, 3, 0, 2, 2, 1, 0, 1, 3, 3, 1, 3, 1, 3, 0, 0, 2, 3, 0, 0, 2, 1, 2, 2, 2, 1, 3, 1, 1, 2, 0, 1, 3, 0, 0, 0, 3, 1, 3, 2, 0, 2, 2, 1, 0, 1, 3, 1, 3, 0, 1, 2, 0, 0, 3, 3, 3, 1, 1, 1, 2, 2, 2, 2, 0, 1, 3, 0, 0, 3, 1, 1, 3, 0, 1, 0, 3, 0, 2, 3, 0, 0, 2, 1, 2, 2, 2, 1, 0, 1, 3, 0, 3, 1, 3, 2, 0, 2, 2, 1, 3, 1, 1, 2, 0, 3, 3, 0, 1, 2, 2, 1, 3, 3, 3, 3, 0, 0, 0, 0, 2, 1, 2, 2, 2, 1, 0, 1, 3, 3, 1, 2, 1, 3, 3, 0, 1, 0, 3, 0, 0, 0, 2, 1, 2, 2, 2, 1, 3, 3, 1, 2, 1, 2, 0, 1, 3, 0, 0, 3, 1, 3, 1, 3, 0, 0, 0, 2, 1, 2, 1, 2, 2, 1, 3, 3, 3, 3, 0, 2, 1, 2, 0, 3, 0, 2, 1, 3, 1, 3, 0, 0, 0, 0, 2, 1, 2, 2, 2, 1, 3, 3, 1, 3, 1, 3, 0, 0, 0, 2, 1, 2, 1, 2, 0, 0, 3, 3, 3, 1, 1, 2, 1, 2, 0, 3, 0, 2, 1, 3, 1, 2, 2, 2, 0, 1, 3, 0, 3, 3, 1, 3, 0, 0, 0, 0, 2, 1, 2, 2, 1, 3, 1, 3, 1, 3, 0, 0, 0, 0, 2, 1, 2, 2, 2, 1]"
64,3858330064,"[0, 1, 0, 2, 2, 1, 2, 1, 3]"
65,3858330065,"[3, 3, 1, 2, 0, 3, 1, 1, 1, 2, 2, 1, 1, 3, 0, 1, 0, 3, 0, 0, 0, 2, 0, 2, 1, 3, 2, 0, 3, 3, 1, 1, 1, 2, 0, 2, 1, 2, 0, 3, 2, 1, 3, 3, 3, 1, 2, 1, 2, 0, 3, 1, 3, 0, 0, 0, 0, 2, 2, 0, 2, 2, 1, 3, 0, 1, 1, 3, 1, 3, 2, 0, 2, 0, 0, 3, 1, 3, 2, 0, 3, 3, 1, 1, 1, 2, 1, 1, 2, 0, 3, 1, 3, 0, 0, 0, 0, 2, 2, 0, 2, 1, 1, 3, 1, 3, 2, 0, 2, 0, 3, 3, 0, 3, 1, 1, 2, 2, 1, 3, 3, 1, 2, 1, 2, 0, 3, 1, 3, 0, 0, 0, 0, 2, 2, 2, 1, 3, 1, 3, 2, 0, 2, 0, 3, 3, 0, 3, 1, 1, 1, 1, 2, 1, 2, 0, 0, 0, 2, 3, 1, 1, 3, 1, 3, 0, 0, 0, 0, 2, 0, 2, 1, 3, 2, 0, 2, 1, 1, 3, 2, 3, 1, 1, 3, 1, 3, 0, 0, 0, 0, 2, 1, 1, 2, 1, 1, 3, 0, 0, 0, 3, 0, 2, 2]"
66,3858330066,"[2, 3, 1, 2, 0, 2, 3, 0, 2, 2, 2, 2, 1, 1, 3, 3, 3, 2, 0, 1, 0, 3, 3, 3, 1, 2, 0, 0, 2, 1, 2, 1, 2, 2, 0, 0, 3, 3, 2, 2, 1, 1, 3, 3, 3, 2, 2, 2, 0, 0, 3, 3, 1, 3, 3, 0, 2, 1, 2, 1, 2, 2, 0, 0, 3, 3, 2, 2, 1, 1, 3, 3, 0, 3, 3, 3, 1, 2, 0, 0, 2, 1, 2, 1, 3, 2, 0, 3, 0, 2, 3, 1, 3, 3, 1, 2, 0, 0, 2, 1, 2, 1, 2, 2, 0, 0, 3, 2, 1, 1, 3, 3, 0, 3, 3, 1, 2, 3, 0, 0, 2, 2]"
67,3858330067,"[2, 1, 3, 0, 2, 0, 2, 1, 3, 1, 1, 2, 0, 1, 3, 1, 3, 2, 0, 2, 0, 3, 3, 0, 2, 0, 2, 1, 3, 2, 0, 3, 3, 1, 1, 1, 2, 1, 3, 1, 2, 0, 1, 3, 0, 0, 0, 0, 2, 1, 1, 2, 0, 1, 0, 3, 3, 1, 2, 1, 1, 2, 3, 0, 3, 0, 0, 0, 2, 0, 2, 1, 3, 2, 0, 3, 3, 1, 1, 1, 2, 2, 0, 0, 1, 1, 3, 3, 0, 0, 2, 0, 2]"
68,3858330068,"[0, 3, 2, 1, 3, 0, 3, 0, 1, 2, 1, 3, 0, 3, 0, 3, 3, 1, 1, 2, 2, 0, 1, 3, 3, 0, 2, 0, 3, 1, 1, 2, 2, 2, 0, 3, 1, 2, 0, 2, 2, 1, 3, 2, 0, 3, 3, 3, 3, 2, 1, 3, 0, 0, 2, 2, 1, 2, 1, 3, 3]"
69,3858330069,"[3, 2, 1, 1, 1, 3, 0, 3, 3, 1, 3, 3, 0, 0, 0, 2, 3, 2, 1, 2, 1, 2, 0, 0, 2, 1, 0, 3, 3, 1, 1, 2, 0, 0, 2, 2, 1, 1, 1, 3, 0, 2, 1, 3, 0, 3, 3, 1, 3, 3, 0, 0, 2, 2, 0, 2, 2, 1, 0, 2, 1, 1, 1, 3, 3, 3, 0, 2, 0, 3, 3, 3, 0, 2, 3, 2, 1, 2, 1, 2, 0, 0, 2, 2, 1, 1, 1, 3, 0, 2, 1, 3, 0, 3, 3, 1, 3, 3, 0, 0, 2, 2, 2, 0, 3, 1, 1, 2, 0, 0, 2, 2, 1, 3, 0, 2, 1, 1, 1, 3, 0, 3, 3, 1, 3, 3, 0, 0, 0, 2, 3, 2, 1, 2, 1, 2, 2, 0, 3, 0, 3, 1, 3, 2, 0, 2, 1, 2, 0, 2, 1, 1, 1, 3, 0, 3, 1, 3, 3, 3, 0, 0, 0, 2, 3, 2, 1, 1, 2, 1, 0, 0, 2, 0, 3, 1, 1, 1, 2, 2, 0, 3, 0, 3, 3, 1, 2, 1, 0, 0, 3, 3, 0, 2, 3, 2, 1, 2, 1, 1, 2, 2, 0, 3, 0, 0, 3, 1, 1, 2, 3, 0, 3, 3, 0, 2, 3, 2, 1, 2, 1, 2, 1, 3, 0, 2, 0, 0, 3, 1, 1, 3, 3, 1, 2, 3, 0, 0, 2, 2, 1, 2, 1, 3, 0, 2, 0, 3, 3, 3, 0, 2, 3, 2, 1, 2, 1, 3, 3, 1, 2, 3, 0, 0, 2, 2, 1, 2, 0, 0, 3, 1, 1, 3, 1, 2, 0, 2, 0, 3, 3, 3, 0, 2, 3, 2, 1, 2, 1, 2, 0, 0, 2, 2, 1, 1, 1, 3, 3, 0, 3, 0, 3, 0, 2, 3, 3, 1, 1, 1, 2, 0, 2, 2, 1, 3, 0, 2, 0, 3, 0, 2, 1, 3, 1, 3, 3, 1, 2, 3, 0, 0, 2, 2, 1, 2, 0, 0, 2, 3, 1, 3, 1, 2, 1, 3, 3, 2, 0, 2, 0, 3, 3, 0, 3, 1, 1, 2, 1, 1, 3, 0, 2, 2, 0, 2, 0, 3, 3, 3, 1, 1, 1]"
70,3858330070,"[0, 2, 3, 2, 1, 2, 1, 2, 2, 0, 0, 2, 1, 1, 1, 1, 3, 0, 2, 0, 0, 0, 3, 3, 3, 1, 1, 2, 0, 0, 2, 2, 1, 1, 1, 3, 0, 2, 1, 3, 0, 3, 3, 0, 3, 3, 0, 2, 3, 2, 1, 2, 1, 2, 2, 2, 0, 0, 3, 1, 0, 2, 1, 3, 3, 3, 3, 0, 2, 3, 3, 1, 2, 2, 1, 2, 0, 2, 0, 2, 1, 1, 1, 3, 0, 2, 1, 3, 0, 3, 3, 0, 0, 2, 1, 3, 1, 2, 2, 2, 0, 3, 2, 0, 3, 1, 3, 3, 0, 2, 1, 3, 0, 3, 3, 1, 2, 0, 2, 2, 1, 3, 1, 0, 0, 2, 1, 2, 2, 0, 3, 2, 3, 1, 2, 1, 1, 3, 0, 3, 3, 0, 0, 3, 3, 1, 2, 0, 2, 2, 1, 0, 3, 3, 1, 2, 2, 3, 1, 2, 2, 2, 0, 0, 3, 1, 0, 2, 1, 3, 3, 3, 0, 2, 1, 2, 1, 0, 2, 0, 3, 2, 3, 1, 2, 1, 1, 1, 3, 0, 2, 0, 0, 0, 3, 3, 1, 0, 2, 2, 1, 1, 1, 3, 0, 2, 1, 3, 0, 3, 3, 0, 2, 0, 3, 1, 1, 2, 2, 2, 0, 0, 3, 1, 0, 2, 1, 3, 3, 3, 3, 3, 0, 2, 3, 2, 1, 2, 1, 2, 0, 2, 1, 0, 0, 3, 3, 1, 1, 2, 2, 0, 0, 2, 1, 1, 1, 1, 3, 0, 2, 0, 3, 0, 0, 3, 1, 3, 3, 3, 0, 2, 3, 2, 1, 2, 1, 2, 3, 0, 2, 0, 2, 2, 1, 1, 3, 0, 0, 3, 1, 3, 3, 0, 2, 3, 3, 1, 2, 2, 1, 2, 3, 0, 2, 2, 1, 0, 0, 2, 1, 1, 3, 3, 3, 0, 0, 2, 1, 3, 1, 2, 2, 0, 2, 1, 1, 1, 3, 0, 2, 0, 0, 0, 3, 2, 3, 1, 2, 1, 3, 0, 3, 3, 0, 2]"
71,3858330071,"[2, 0, 0, 3, 0, 0, 2, 0, 3, 2, 3, 1, 1, 1, 2, 0, 0]"
72,3858330072,"[2, 0, 0, 3, 1, 1, 1, 1, 2, 0, 2, 0, 1, 1, 3, 3, 0, 0, 0, 2, 1, 2, 3, 0, 0, 2, 1, 3, 0, 3, 1, 1, 1, 1, 2, 2, 0, 0, 3, 2, 1, 1, 3, 0, 1, 2, 0, 3, 3, 0, 0, 0, 2, 2, 1, 3, 1, 0, 2, 1, 0, 1, 3, 0, 0, 3, 1, 1, 1, 1, 2, 0, 1, 2, 0, 3, 0, 1, 2, 0, 3, 1, 1, 3, 0, 0, 0, 0, 2, 1, 0, 1, 3, 1, 1, 1, 2, 2, 0, 0, 0, 3, 1, 2, 0, 3, 0, 3, 1, 1, 1, 1, 2, 0, 1, 2, 0, 0, 0, 3, 0, 3, 1, 1, 2, 1, 0, 0, 2, 1]"
73,3858330073,"[1, 1, 1, 3, 1, 2, 2, 2, 2, 0, 0, 0, 3, 3, 0, 1, 2, 2, 1, 1, 3, 1, 2, 0, 0, 0, 3, 3, 1, 3, 1, 3, 1, 3, 0, 0, 0, 2, 2, 1, 1, 2, 0, 3, 0, 2, 3, 2, 1, 3, 1, 3, 1, 2, 2, 2, 2, 0, 3, 1, 2, 0, 0, 0, 3, 2, 1, 1, 1, 3, 3, 0, 2, 1, 2, 0, 0, 0, 3, 3, 1, 3, 1, 3, 1, 2, 2, 2, 2, 0, 0, 0, 3, 3, 0, 3, 1, 2, 3, 3, 3, 1, 2, 1, 2, 2, 0, 1, 1, 2, 2, 0, 0, 0, 3, 3, 3, 1, 3, 2, 0, 2, 2, 2, 1, 1, 3, 1, 2, 0, 0, 0, 3, 3, 3, 1, 3, 3, 1, 2, 1, 2, 0, 3, 1, 3, 0, 0, 0, 2, 2, 2, 2, 2, 1, 1, 1, 3, 3, 0, 2, 1, 2, 0, 0, 0, 3, 3, 3, 1, 3, 2, 0, 2, 1, 3, 3, 3, 0, 2, 2, 2, 2, 2, 1, 1, 1, 3, 3, 0, 3, 0, 1, 2, 2, 1, 2, 0, 0, 0, 3, 3, 1, 3, 1, 3, 2, 2, 0, 3, 1, 3, 1, 3, 0, 2, 1, 2, 2, 2, 2, 0, 3, 1, 2, 0, 0, 0, 3, 3, 3, 1, 1, 3, 3, 0, 2, 2, 1, 2, 2, 1, 2, 0]"
74,3858330074,"[0, 3, 2, 1, 1, 3, 0, 3, 0, 3, 2, 1, 2, 1, 2, 0, 0, 3, 0, 3, 0, 1, 2, 1, 1, 3, 0, 3, 0, 1, 2, 2, 0, 3, 0, 3, 0, 3, 3, 1, 1, 2, 2, 1, 0, 0, 0, 3, 3, 1, 2, 0, 3, 1, 1, 2, 2, 1, 2, 0, 3, 3, 3, 0, 2, 0, 2, 1, 3, 2, 0, 2, 1, 1, 0, 3, 3, 1, 2, 1, 2, 0, 2, 1, 2, 3, 0, 3, 3, 0, 3, 0, 2, 2, 1, 3, 1, 1, 2, 2, 0, 3, 0, 1, 2, 1, 2, 1, 1, 3, 0, 1, 2, 0, 3, 3, 0, 3, 0, 2, 2, 1, 2, 3, 0, 3, 3, 3, 3, 0, 2, 0, 2, 1, 3, 1, 2, 1, 2, 0, 3, 2, 2, 1, 2, 1, 1, 3, 0, 1, 2, 0, 0, 3, 1, 3, 0, 3, 2, 2, 0, 3, 2, 1, 1, 3, 0, 3, 0, 2, 3, 3, 3, 0, 2, 0, 2, 2, 1, 3, 1, 1, 2, 2, 0, 3, 0, 3, 0, 3, 3, 1, 2, 1, 2, 0, 1, 1, 2, 2, 0, 3, 0, 0, 3, 1, 3, 1, 2, 1, 0, 0, 3, 3, 0, 2, 3, 2, 1, 2, 2, 1, 3, 2, 0, 0, 3, 1, 1, 2, 2, 1, 1, 3, 0, 3, 2, 2, 0, 3, 0, 3, 3, 3, 0, 2, 3, 2, 1, 2, 2, 1, 2, 1, 1, 3, 0, 3, 0, 2, 0, 0, 3, 1, 3, 2, 0, 2, 1, 1, 2, 1, 1, 3, 0, 3, 0, 2, 3, 3, 3, 0, 0, 2, 3, 2, 1, 3, 1, 2, 2, 2, 0, 3, 1, 2, 0, 0, 3, 1, 1, 3, 3, 0, 2, 3, 1, 2, 2, 2, 0, 3, 1, 3, 3, 0, 0, 2, 3, 1, 1, 2, 0]"
75,3858330075,"[0, 3, 2, 3, 0, 3, 1, 3, 2, 0, 2, 1, 2, 2, 0, 3]"
76,3858330076,"[3, 2, 1, 1, 1, 3, 1, 3, 0, 0, 0, 2, 0, 3, 1, 2, 1, 2, 1, 3, 1, 3, 0, 3, 1, 3, 0, 0, 2, 1, 1, 2, 2, 0, 2, 0, 3, 0, 0, 2, 1, 0, 3, 3, 1, 2, 1, 3, 0, 0, 2, 2, 1, 1, 3, 0, 0, 3, 1, 1, 1, 3, 1, 3, 0, 0, 2, 1, 1, 2, 2, 2, 0, 3, 3, 0, 3, 2, 2, 0, 2, 1, 3, 0, 0, 3, 1, 0, 2, 2, 1, 1, 3, 3, 0, 0, 2, 2, 1, 1, 3, 1, 1, 2, 0, 3, 1, 3, 0, 3, 1, 3, 0, 0, 2, 1, 1, 2, 2, 0, 0, 0, 2, 1, 3, 1, 3, 0, 3, 2, 2, 1, 1, 2, 0, 3, 1, 3, 0, 3, 1, 3, 0, 0, 2, 2, 2, 0, 0, 3, 1, 0, 2, 2, 1, 3, 1, 1, 2, 0, 1, 0, 3, 1, 3, 0, 3, 2, 2, 0, 0, 2, 1, 0, 3, 1, 1, 1, 2, 0, 1, 0, 3, 0, 0, 3, 1, 0, 2, 1, 1, 2, 1, 3, 1, 3, 0, 3, 0, 2, 3, 2, 0, 0, 2, 2, 1, 0, 3, 3, 1, 1, 3, 1, 1, 2, 2, 0, 0, 1, 1, 3, 0, 3, 1, 3, 0, 0, 2, 2, 0, 0, 2, 2, 1, 1, 3, 2, 0, 0, 3, 1, 0, 2, 1, 3, 3, 1, 3, 1, 1, 2, 2, 2, 0, 3, 1, 3, 0, 3, 1, 3, 0, 0, 2, 2, 0, 2, 1, 0, 2, 1, 3, 0, 0, 3, 1, 1, 3, 1, 1, 2, 2, 0, 0, 2, 3, 1, 1, 2, 0, 3, 1, 3, 0, 3, 1, 3, 0, 0, 2, 2, 0, 0, 2, 1, 2, 1, 0, 3, 1, 0, 0, 2, 1, 1, 3, 3, 3, 1, 1, 2, 2, 2, 0, 1, 3, 0, 2, 0, 1, 3, 0, 2, 1, 3, 1, 3, 0, 3, 1, 3, 0, 0, 2, 2, 0, 0, 2, 2, 1, 0, 3, 3, 1, 1, 3, 1, 1, 2, 2, 0, 2, 0, 1, 0, 3, 1, 1, 3, 0, 3, 1, 3, 0, 0, 2, 2, 0, 0, 2, 1, 1, 0, 0, 2, 1, 0, 3, 3, 1, 2, 1, 3, 3, 1, 1, 2, 2, 2, 0, 3, 1, 0, 0, 0, 2, 1, 3, 1, 3, 0, 3, 3, 1, 1, 2, 2, 2, 2, 0, 3, 1, 3, 0, 0, 3, 3, 1, 2, 1, 3, 0, 2, 0, 2, 0, 0, 2, 2, 1, 3, 1, 1, 2, 0]"
77,3858330077,"[2, 0, 1, 1, 3, 2, 0, 3, 0, 0, 0, 2, 1, 0, 3, 1, 1, 1, 2, 1, 3, 1, 2, 0, 1, 3, 0, 0, 0, 0, 2, 1, 3, 1, 1, 2, 1, 2, 3, 0, 3, 0, 0, 2, 1, 3, 1, 1, 2, 2, 2, 3, 3, 3, 0, 0, 2, 1, 3, 1, 2]"
78,3858330078,"[2, 1, 0, 3, 1]"
79,3858330079,"[1, 1, 3, 1]"
80,3858330080,"[3, 2, 2, 0, 2, 2, 1, 1, 3, 2, 1, 1, 1, 3, 3, 3, 0, 3, 0, 3, 0, 0, 2, 1, 3, 0, 2, 2, 2, 0, 2, 2, 1, 1, 1, 1, 1, 3, 3, 3, 0, 0, 2, 0, 2, 2, 1, 1, 1, 3, 3, 3, 0, 3, 0, 2, 1, 1, 2, 2, 2, 0, 0, 0, 3, 0, 3, 0, 2, 2, 1, 1, 1, 1, 1, 3, 3, 3, 0, 3, 0, 3, 0, 0, 2, 1]"
81,3858330081,"[0, 3, 0, 3, 1, 0, 0, 0, 2, 1, 2, 3, 0, 3, 1, 1, 1, 2, 0, 0, 2, 3, 1, 3, 0, 0, 2]"
82,3858330082,"[3, 1, 1, 2, 2, 0, 3, 0, 3, 3, 1, 0, 2, 2, 1, 3]"
83,3858330083,"[2, 1, 3, 2, 0, 3, 3, 1, 1, 1, 2, 2, 1, 1, 3, 0, 1, 0, 3, 0, 0, 0, 2, 2, 1, 3, 1, 3, 1, 1, 2, 2, 0, 0, 3, 2, 1, 1, 3, 3, 0, 2, 1, 0, 3, 0, 0, 0, 2, 1, 1, 2, 0, 1, 0, 3, 3, 1, 2, 1, 1, 2, 0, 3, 1, 3, 0, 0, 0, 0, 2, 1, 2, 0]"
84,3858330084,"[1, 2, 3, 1, 2, 2, 2, 0, 2, 2, 1, 1, 3, 1, 2, 0, 0, 0, 3, 3, 3, 1, 3, 3, 0, 2, 2, 2]"
85,3858330085,"[3, 1, 3, 3, 0, 1, 2, 2, 0, 3, 3, 1, 1, 3, 3, 0, 2, 0, 2, 2, 1, 3, 0, 1, 1, 3, 3, 0, 2, 2]"
86,3858330086,"[3, 1, 0, 2, 1, 1, 3, 3, 3, 0, 2, 2]"
87,3858330087,"[3, 0, 3, 3, 1, 1, 2, 1, 3, 0, 0, 0, 2, 2, 1, 3, 2, 0, 3, 1, 1, 3, 1, 1, 1, 2, 0, 1, 0, 3, 0, 0, 2, 0, 2, 0, 3, 3, 1, 2, 1, 1, 3, 0, 1, 0, 2, 0, 2, 0, 3, 3, 1, 2, 1, 1, 3, 1, 1, 2, 0, 0, 0, 0, 3, 1, 0, 1, 2, 0, 2, 0, 3, 1, 3, 1, 2, 1, 1, 3, 0]"
88,3858330088,"[3, 1, 3, 1, 3, 1, 2, 3, 0, 2, 1, 1, 1, 2, 2, 0, 0, 3, 1, 3, 1, 3, 0, 0, 0, 2, 0, 2, 1, 3, 1, 3, 0, 2, 2, 1, 3, 1, 3, 2, 0, 2, 2, 1, 3, 0, 3, 3, 1, 1, 2, 0, 1, 0, 3, 0, 0, 2, 2, 1, 1, 2, 1, 3, 2, 0, 0, 3, 1, 3, 3, 0, 2, 3, 0, 2, 1, 1, 3, 1, 2, 0, 1, 3, 0, 0, 0, 2, 2, 1, 3, 2, 2, 1, 1, 3, 0, 3, 3, 0, 0, 2, 2, 1, 3, 2, 0, 0, 3, 1, 3, 1, 1, 1, 2, 0, 1, 3, 0, 0, 0, 2, 2, 1, 2, 1, 3, 0, 3, 3, 1, 1, 2, 2, 3, 0, 1, 2, 2, 0, 0, 3, 1, 3, 1, 3, 0, 0, 2, 3, 0, 2, 1, 1, 1, 2, 2, 2, 3, 0, 3, 3, 1, 3, 0, 0, 0, 2, 2, 1]"
89,3858330089,"[3, 0, 1, 2, 2, 0, 3, 0, 1, 2, 1, 3, 3, 3, 0, 2, 0, 2, 3, 3, 1, 2, 1, 2, 2, 0, 3, 0, 3, 3, 1, 1, 2, 0]"
90,3858330090,"[3, 1, 3, 2, 0, 2, 1, 1, 1, 3, 1, 1, 2, 0, 1, 0, 3, 0, 0, 2, 1, 3, 0, 3, 0, 2, 1, 2, 1, 3, 1, 1, 2, 0, 1, 0, 3, 0, 0, 0, 0, 2, 2, 1, 3, 0, 1, 1, 3, 1, 1, 2, 0, 3, 0, 3, 0, 2, 1, 0, 0, 2, 2, 1, 3, 0, 3, 1, 1, 1, 2, 0, 3, 2, 1, 1, 1, 3, 0, 2, 0, 0, 3, 0, 0, 2, 2, 1, 3, 0, 1, 1, 3, 1, 0, 2, 0, 0, 3, 1, 3, 1, 2, 1, 2, 1, 1, 3, 0, 2, 0, 0, 3, 1, 0, 0, 0, 2, 2, 1, 3, 0, 1, 1, 3, 1, 2, 1, 1, 3, 0, 2, 0, 0, 3, 3, 0, 2, 1, 2, 1, 1, 3, 0, 1, 0, 2, 0, 0, 3, 1, 2, 3, 0, 0, 2, 1, 3, 1, 1, 0, 2, 0, 2, 2, 0, 3]"
91,3858330091,"[1, 1, 2, 2, 0, 3, 2, 1, 1, 2, 2, 1, 2, 0, 0, 3, 1, 0, 2, 1, 1, 3, 3, 0, 3, 3, 3, 0, 2, 2, 0, 3, 0, 3, 1, 0, 1, 2, 2, 1, 1, 2, 2, 0, 3, 2, 1, 1, 3, 0, 3, 3, 3, 0, 2, 0, 2, 1, 3, 2, 0, 3, 0, 3, 1, 0, 1, 2, 2, 1, 3, 1, 2, 3, 3, 0, 2, 2, 1, 2, 0, 3, 1, 3, 3, 0, 2, 0, 0, 3, 1, 0, 1, 2, 2, 1, 1, 2, 0, 2, 2, 1, 1, 3, 0, 1, 2, 0, 3, 3, 0, 3, 1, 3, 3, 0, 2, 2, 0, 3, 0, 3, 1, 0, 1, 2, 2, 1, 1, 2, 2, 1, 2, 0, 0, 3, 1, 0, 2, 1, 1, 3, 3, 0, 3, 3, 3, 0, 2, 2, 1, 2, 2, 0, 3, 2, 1, 1, 3, 0, 3, 3, 3, 0, 2, 0, 0, 3, 1, 0, 1, 2, 2, 1, 3, 1, 3, 0, 2, 2, 2, 1, 3, 0, 3, 3, 1, 2, 2, 3, 3, 0, 2, 2, 0, 3, 0, 3, 1, 0, 1, 2, 2, 1, 1, 2, 0, 3, 1, 3, 3, 0, 2, 2, 1, 2, 0, 2, 1, 0, 1, 3, 0, 3, 1, 3, 3, 0, 2, 0, 0, 3, 1]"
92,3858330092,"[0, 2, 3, 1, 1, 1, 2, 0, 0, 0]"
93,3858330093,"[0, 0, 2, 0, 0, 0, 3, 3, 1, 2, 0, 3, 1, 2, 1, 2, 1, 2, 1, 3, 0, 3, 0, 0, 0, 2, 1, 3, 1, 1, 2, 1, 1, 3, 0, 1, 0, 2, 0, 0, 3, 1, 2, 3, 0, 0, 0, 2, 2, 1, 3, 1, 1, 1, 1, 3, 0, 1, 0, 2, 0, 0, 0, 0, 3, 3, 1, 2, 0, 3, 1, 2, 1, 2, 1, 1, 3, 0, 2, 0, 0, 3, 1, 2, 0, 2, 0, 3, 1, 1, 3, 1, 2, 3, 0, 2, 0, 3, 3, 0, 2, 3, 2, 1, 2, 1, 1, 1, 1, 3, 0, 1, 0, 2, 0, 0, 0, 3, 0, 2, 3, 3, 1, 2, 1, 1, 2, 3, 0, 2, 0, 0, 2, 1, 3, 1, 1, 1, 1, 3, 0, 1, 0, 2, 0, 0, 0, 3, 0, 2, 2, 1, 2, 2, 0, 3, 2, 3, 1, 3, 3, 1, 1, 1, 3, 0, 2, 0, 0, 0, 2, 1, 3, 3, 1, 1, 2, 3, 0, 2, 0, 3, 0, 2, 2, 1, 2, 2, 0, 3, 2, 3, 1, 3, 3, 1, 1, 1, 1, 3, 0, 1, 0, 2, 0, 0, 0, 0, 2, 1, 3, 1, 1, 1, 3, 0, 2, 0, 0, 3, 0, 2, 2, 1, 2, 2, 0, 3, 2, 3, 1, 3, 3, 3, 1, 2, 0, 2, 2, 0, 3, 1, 3, 1, 3, 1, 2, 3, 0, 2, 0, 2, 0, 3, 1, 1, 1, 1, 1, 3, 0, 1, 0, 2, 0, 0, 0, 3, 3, 0, 2, 3, 2, 1, 2, 1, 1, 1, 3, 0, 2, 0, 0, 2, 0, 3, 1, 3, 1, 2, 1, 1, 3, 0, 2, 0, 0, 3, 3, 0, 2, 2, 3, 3, 1, 2, 2, 1, 1, 3, 0, 2, 0, 0, 2, 1, 3, 0, 3, 3, 1, 2, 0, 2, 2, 1, 2, 2, 0, 3, 2, 3, 1, 3, 3, 1, 0, 0, 3, 3, 1, 2, 0, 2, 2, 3, 1, 3, 2, 0, 2, 1, 2, 2, 0, 3, 2, 3, 1, 3, 3, 1, 0, 0, 2, 1, 3, 1, 1, 3, 2, 0, 0, 3, 0, 2, 2, 1, 2, 2, 0, 3, 2, 3, 1, 3, 3, 1, 1, 3, 1, 1, 2, 0, 3, 0, 0, 2, 0, 2, 2, 0, 3, 1, 3, 1, 1, 3, 2, 0, 0, 2, 0, 3, 1, 1, 1, 3, 1, 1, 2, 0, 3, 0, 0, 2, 0, 3, 3, 0, 2, 3, 2, 1, 2, 1, 3, 1, 1, 2, 0, 1, 3, 0, 0, 0, 2, 2, 0, 3, 1, 1, 1, 3, 2, 0, 0, 3, 3, 0, 2, 3, 2, 1, 2, 1, 1, 3, 1, 1, 2, 0, 3, 0, 0, 2, 0, 2, 0, 3, 1, 1, 3, 1, 1, 2, 0, 1, 3, 0, 0, 0, 3, 0, 2, 3, 2, 1, 2, 1, 0, 1, 3, 0, 0, 2, 3, 3, 1, 2, 2, 1, 1, 3, 2, 0, 0, 0, 2, 1, 3, 1, 1, 3, 1, 1, 2, 0, 3, 0, 0, 2, 0, 3, 0, 2, 2, 1, 2, 2, 0, 3, 2, 3, 1, 3, 3, 1, 3, 1, 1, 2, 0, 1, 3, 0, 0, 0, 2, 2, 2, 0, 3, 1, 3, 3, 1, 1, 2, 0, 1, 1, 3, 0, 0, 0, 0, 2, 1, 3, 1, 1, 2, 0, 1, 1, 3, 0, 0, 0, 2, 2]"
94,3858330094,"[3, 0, 3, 1, 2, 0, 2, 0, 0, 2, 1, 1, 1, 3, 1, 1, 3, 0, 1, 2, 2, 0, 0, 0, 3, 3, 3, 0, 2, 3, 1, 2, 0, 0, 2, 2, 1, 1, 1, 3, 1, 3, 0, 3, 0, 0, 2, 0, 2, 1, 0, 2, 1, 1, 1, 3, 3, 0, 3, 1, 2, 2, 0, 2, 0, 0, 3, 3, 1, 3, 1, 1, 2, 2, 1, 1, 2, 0, 0, 0, 0, 3, 0, 2, 1, 1, 1, 3, 1, 1, 3, 0, 0, 3, 0, 2, 3, 0, 2, 3, 1, 1, 2, 0, 0, 0, 2, 2, 1, 1, 3, 2, 1, 3, 3, 0, 3, 1, 2, 0, 2, 2, 0, 0, 3, 1, 0, 3, 1, 3, 1, 1, 2, 2, 0, 2, 1, 3, 1, 1, 3, 0, 0, 3, 0, 2, 3, 1, 2, 0, 0, 0, 2, 2, 1, 3, 1]"
95,3858330095,"[3, 2, 2, 2, 0, 3, 0, 1, 2, 1, 3, 3, 3, 0, 1, 2, 2, 0, 3, 3, 2, 3, 1, 3, 0]"
96,3858330096,"[1, 0, 3, 3, 3, 1, 1, 3, 3, 0, 0, 2, 3, 1, 1, 2, 2, 0, 2, 0, 2, 2, 1, 3, 2, 0, 3, 3, 0, 3, 1, 1, 0, 0, 2, 1, 2, 1, 3, 3, 2, 3, 0, 3, 3, 1, 1, 2, 0, 3, 0, 2, 3, 1, 1, 2, 0, 2, 0]"
97,3858330097,"[0, 2, 0, 2, 3, 1, 3, 0, 1, 0, 2, 2, 0, 0, 3, 3, 1, 2, 0, 3, 1, 2, 1, 1, 3, 0, 1, 0, 2, 2, 0, 1, 0, 3, 0, 3, 1, 2, 2, 1, 3, 1, 3, 0, 0]"
98,3858330098,"[2, 1, 0, 3, 1, 3, 1, 1, 2, 0, 3, 1, 2, 2, 0, 1, 1, 1, 3, 0, 0, 3, 0, 0, 0, 2, 1, 3, 1, 1, 2, 0, 3, 0, 0, 2, 2, 1, 0, 3, 1, 3, 1, 1, 2, 2, 0, 1, 1, 1, 3, 0, 0, 3, 0, 0, 2, 1, 3, 0, 0, 2, 2, 1, 0, 3, 1, 3, 1, 1, 2, 3, 0, 0, 0, 2, 1, 1, 1, 1, 1, 2, 2, 0, 0, 3, 0, 1, 0, 3, 3, 1, 2, 3, 0, 0, 0, 2, 1, 1, 2, 1, 2, 3, 0, 3, 3, 0, 0, 2, 2, 1, 0, 3, 1, 3, 1, 1, 2, 2, 2, 1, 3, 0, 0, 1, 1, 1, 3, 0, 1, 2, 2, 0, 0, 3, 0, 3, 1, 3, 0, 0, 0, 2, 2, 1, 0, 3, 1, 3, 1, 1, 2, 2, 1, 1, 3, 0, 0, 3, 0, 0, 0, 2, 1, 2, 1, 0, 0, 3, 1, 3, 1, 1, 2, 0, 2, 1, 2, 3, 0, 0, 0, 3, 1, 3, 1, 1, 2, 2, 2, 1, 1, 3, 0, 1, 2, 0, 3, 3, 0, 3, 0, 0, 2, 1, 2, 1]"
99,3858330099,"[1, 0, 1, 3, 1, 1, 2, 0, 1, 0, 3, 1, 1, 1, 2, 0, 1, 3, 0, 0, 0, 2, 0, 1, 3, 1, 1, 2, 0]"
